-- phpMyAdmin SQL Dump
-- version 5.1.1
-- https://www.phpmyadmin.net/
--
-- Host: 127.0.0.1
-- Generation Time: Nov 28, 2022 at 11:51 PM
-- Server version: 10.4.22-MariaDB
-- PHP Version: 7.4.27

SET SQL_MODE = "NO_AUTO_VALUE_ON_ZERO";
START TRANSACTION;
SET time_zone = "+00:00";


/*!40101 SET @OLD_CHARACTER_SET_CLIENT=@@CHARACTER_SET_CLIENT */;
/*!40101 SET @OLD_CHARACTER_SET_RESULTS=@@CHARACTER_SET_RESULTS */;
/*!40101 SET @OLD_COLLATION_CONNECTION=@@COLLATION_CONNECTION */;
/*!40101 SET NAMES utf8mb4 */;

--
-- Database: `laravel_api`
--

-- --------------------------------------------------------

--
-- Table structure for table `customers`
--

CREATE TABLE `customers` (
  `id` bigint(20) UNSIGNED NOT NULL,
  `name` varchar(255) COLLATE utf8mb4_unicode_ci NOT NULL,
  `type` varchar(255) COLLATE utf8mb4_unicode_ci NOT NULL,
  `email` varchar(255) COLLATE utf8mb4_unicode_ci NOT NULL,
  `address` varchar(255) COLLATE utf8mb4_unicode_ci NOT NULL,
  `city` varchar(255) COLLATE utf8mb4_unicode_ci NOT NULL,
  `state` varchar(255) COLLATE utf8mb4_unicode_ci NOT NULL,
  `postal_code` varchar(255) COLLATE utf8mb4_unicode_ci NOT NULL,
  `created_at` timestamp NULL DEFAULT NULL,
  `updated_at` timestamp NULL DEFAULT NULL
) ENGINE=InnoDB DEFAULT CHARSET=utf8mb4 COLLATE=utf8mb4_unicode_ci;

--
-- Dumping data for table `customers`
--

INSERT INTO `customers` (`id`, `name`, `type`, `email`, `address`, `city`, `state`, `postal_code`, `created_at`, `updated_at`) VALUES
(1, 'Henry Bergstrom', 'I', 'heather.murazik@gmail.com', '7431 Becker Ports Apt. 346', 'South Alessia', 'Oregon', '44986', '2022-11-28 21:15:28', '2022-11-28 21:15:28'),
(2, 'Bechtelar-Rempel', 'B', 'nwitting@brekke.biz', '64047 Emmitt Groves Suite 825', 'West Kurtisberg', 'Connecticut', '66271', '2022-11-28 21:15:28', '2022-11-28 21:15:28'),
(3, 'Ms. Estefania Cummings IV', 'I', 'ruecker.alicia@hotmail.com', '701 Nikolaus Port Suite 578', 'East Elyse', 'Virginia', '80245-8707', '2022-11-28 21:15:28', '2022-11-28 21:15:28'),
(4, 'Prof. Toby Walter DVM', 'I', 'georgiana34@hotmail.com', '1350 Bartoletti Ridge Suite 588', 'West Anna', 'Washington', '84187', '2022-11-28 21:15:28', '2022-11-28 21:15:28'),
(5, 'Carol Cummerata', 'I', 'berdman@parisian.net', '903 Walsh Crest', 'New Trisha', 'Nevada', '14657-7811', '2022-11-28 21:15:28', '2022-11-28 21:15:28'),
(6, 'Megane Anderson', 'I', 'koss.natalia@hotmail.com', '43698 Bednar Glen Suite 908', 'Aidamouth', 'Alaska', '87934-4174', '2022-11-28 21:15:28', '2022-11-28 21:15:28'),
(7, 'Adalberto Willms', 'I', 'damon.bosco@gmail.com', '78862 Santino Ford', 'Heatherport', 'Hawaii', '90405', '2022-11-28 21:15:28', '2022-11-28 21:15:28'),
(8, 'Miss Naomi Langworth', 'I', 'jboehm@medhurst.org', '353 Talia Villages Suite 230', 'Lake Haleyton', 'Mississippi', '54126-7382', '2022-11-28 21:15:28', '2022-11-28 21:15:28'),
(9, 'Wintheiser, Strosin and Turner', 'B', 'pfeffer.emerson@luettgen.com', '6518 Angeline Crest', 'Lake Izaiah', 'Florida', '83473-2641', '2022-11-28 21:15:28', '2022-11-28 21:15:28'),
(10, 'Rosemary Klein', 'I', 'tdicki@gmail.com', '6760 Willard Field', 'West Emersonburgh', 'Iowa', '46074-9384', '2022-11-28 21:15:28', '2022-11-28 21:15:28'),
(11, 'Matilde Balistreri', 'I', 'kub.ashly@gmail.com', '33029 Marcelo Loaf Apt. 302', 'North Aubreeborough', 'Michigan', '71015-7517', '2022-11-28 21:15:28', '2022-11-28 21:15:28'),
(12, 'Bosco, O\'Kon and Boyer', 'B', 'paris.gorczany@hotmail.com', '1067 Judy Meadow Apt. 490', 'Paigeport', 'Delaware', '30112', '2022-11-28 21:15:29', '2022-11-28 21:15:29'),
(13, 'Orland Kirlin', 'I', 'langosh.odell@yahoo.com', '7156 Dell Common Apt. 261', 'East Madyson', 'New Hampshire', '01513-9081', '2022-11-28 21:15:29', '2022-11-28 21:15:29'),
(14, 'Toy and Sons', 'B', 'runolfsson.maud@streich.com', '42076 Hudson Mill Suite 575', 'North Janahaven', 'California', '51510', '2022-11-28 21:15:29', '2022-11-28 21:15:29'),
(15, 'Roob, Grant and Kilback', 'B', 'xmurphy@hotmail.com', '3711 Janelle Trace', 'West Jackyfort', 'Pennsylvania', '15680-8343', '2022-11-28 21:15:29', '2022-11-28 21:15:29'),
(16, 'Bryon Beatty', 'I', 'alysson.brekke@hotmail.com', '939 Crooks Turnpike', 'North Nathaniel', 'Indiana', '32655', '2022-11-28 21:15:29', '2022-11-28 21:15:29'),
(17, 'Jadyn Jakubowski', 'I', 'heller.jodie@yahoo.com', '48452 Veum Row', 'East Justyn', 'Virginia', '95675-1180', '2022-11-28 21:15:29', '2022-11-28 21:15:29'),
(18, 'Bergstrom, Bechtelar and Bauch', 'B', 'luettgen.rita@kovacek.com', '61206 Runolfsson Port', 'North Leora', 'Michigan', '86893-3645', '2022-11-28 21:15:29', '2022-11-28 21:15:29'),
(19, 'Mohr Ltd', 'B', 'hpagac@powlowski.com', '5538 Wehner Island Apt. 240', 'Lanemouth', 'District of Columbia', '32760-7188', '2022-11-28 21:15:29', '2022-11-28 21:15:29'),
(20, 'Diana Sawayn', 'I', 'queen.morar@metz.org', '8655 Rosalyn Trail Suite 119', 'New Madalyn', 'Idaho', '25790-8936', '2022-11-28 21:15:29', '2022-11-28 21:15:29'),
(21, 'Prof. Gilda Emmerich MD', 'I', 'xboyer@hotmail.com', '74953 Wuckert Port Apt. 029', 'New Kory', 'Oklahoma', '35896', '2022-11-28 21:15:29', '2022-11-28 21:15:29'),
(22, 'Cierra Fadel', 'I', 'hlesch@towne.biz', '714 Kirlin Road Apt. 453', 'Leilamouth', 'Oregon', '07242', '2022-11-28 21:15:29', '2022-11-28 21:15:29'),
(23, 'Osinski-Stiedemann', 'B', 'howe.lempi@hotmail.com', '208 Schaefer Stream', 'Patsyberg', 'Georgia', '45299', '2022-11-28 21:15:29', '2022-11-28 21:15:29'),
(24, 'Spencer, Wisoky and Kovacek', 'B', 'rahsaan97@renner.org', '111 Deckow Summit Apt. 854', 'Rutherfordmouth', 'North Carolina', '08853-2075', '2022-11-28 21:15:29', '2022-11-28 21:15:29'),
(25, 'Beatty PLC', 'B', 'roderick54@hotmail.com', '1364 Gorczany Ville Apt. 719', 'Stromanmouth', 'Georgia', '06243-0955', '2022-11-28 21:15:29', '2022-11-28 21:15:29'),
(26, 'Rosenbaum, Monahan and Dietrich', 'B', 'olin25@langosh.com', '952 Shields Field', 'West Arnold', 'Texas', '29302-4434', '2022-11-28 21:15:29', '2022-11-28 21:15:29'),
(27, 'Kub-Raynor', 'B', 'allen.ryan@yahoo.com', '756 Hayes Islands Apt. 363', 'Morarstad', 'Wisconsin', '63248', '2022-11-28 21:15:29', '2022-11-28 21:15:29'),
(28, 'Hoeger and Sons', 'B', 'vschulist@casper.com', '3843 Kelly Spring Suite 947', 'South Kitty', 'Nebraska', '37770-9979', '2022-11-28 21:15:29', '2022-11-28 21:15:29'),
(29, 'Ratke LLC', 'B', 'magnus09@yahoo.com', '15740 Dietrich Circle', 'New Alexandroland', 'Indiana', '34911-7742', '2022-11-28 21:15:29', '2022-11-28 21:15:29'),
(30, 'McGlynn-Jacobi', 'B', 'willow70@yahoo.com', '510 Hermann Key', 'North Frederic', 'South Dakota', '17269', '2022-11-28 21:15:29', '2022-11-28 21:15:29'),
(31, 'Jacobson, Bernhard and Yost', 'B', 'hartmann.fern@ortiz.org', '20148 Ruecker Heights', 'West Mosheport', 'South Carolina', '13689', '2022-11-28 21:15:29', '2022-11-28 21:15:29'),
(32, 'Trantow-Kautzer', 'B', 'jacobi.amira@steuber.net', '71839 Ashlee Groves', 'Rainaport', 'New Hampshire', '37219', '2022-11-28 21:15:29', '2022-11-28 21:15:29'),
(33, 'Orpha Parisian DVM', 'I', 'jborer@herzog.org', '42218 Fadel Meadows', 'Port Birdie', 'Oklahoma', '59281', '2022-11-28 21:15:29', '2022-11-28 21:15:29'),
(34, 'Rogers Orn', 'I', 'dsipes@miller.biz', '97353 Kale Brook', 'West Shawna', 'Connecticut', '22850', '2022-11-28 21:15:29', '2022-11-28 21:15:29'),
(35, 'Delmer Rath', 'I', 'xconroy@farrell.com', '5892 Keeling Flats', 'Denesikland', 'South Dakota', '30269', '2022-11-28 21:15:29', '2022-11-28 21:15:29'),
(36, 'Nikolaus-Kunde', 'B', 'lionel25@block.com', '989 Abbott Mission Apt. 675', 'New Cecilview', 'South Dakota', '72128-4710', '2022-11-28 21:15:29', '2022-11-28 21:15:29'),
(37, 'Cremin, Nitzsche and Abbott', 'B', 'brannon.hintz@homenick.org', '59304 O\'Keefe Spur Apt. 010', 'Eichmannstad', 'Rhode Island', '01723', '2022-11-28 21:15:29', '2022-11-28 21:15:29'),
(38, 'Asia Bayer', 'I', 'beer.macy@hotmail.com', '723 Manuela Land', 'South Rosetta', 'Michigan', '03270-8931', '2022-11-28 21:15:29', '2022-11-28 21:15:29'),
(39, 'Prof. Darby Bashirian MD', 'I', 'jaylin61@yahoo.com', '4145 Schmitt Vista Suite 606', 'Lake Turner', 'Pennsylvania', '38600-5182', '2022-11-28 21:15:29', '2022-11-28 21:15:29'),
(40, 'Prof. Joana Botsford', 'I', 'mcglynn.fabiola@runolfsson.com', '784 Davion Field Apt. 194', 'East Eloise', 'South Dakota', '52599-7750', '2022-11-28 21:15:29', '2022-11-28 21:15:29'),
(41, 'Baumbach PLC', 'B', 'giovanna.stiedemann@bergstrom.com', '8994 Nitzsche Mill', 'Kreigerfurt', 'Kansas', '77068-4753', '2022-11-28 21:15:29', '2022-11-28 21:15:29'),
(42, 'Rohan, Schroeder and Kuphal', 'B', 'armand55@gmail.com', '7000 Bruen Hill', 'South Duncan', 'New York', '11241', '2022-11-28 21:15:29', '2022-11-28 21:15:29'),
(43, 'Prof. Johnpaul Eichmann', 'I', 'torn@hotmail.com', '13231 Harris Plaza', 'Sonnyhaven', 'South Dakota', '31299-1557', '2022-11-28 21:15:29', '2022-11-28 21:15:29'),
(44, 'Welch-Sauer', 'B', 'zulauf.frederik@reichert.biz', '70878 Celestine Ports Apt. 411', 'Mitchellfurt', 'District of Columbia', '61274', '2022-11-28 21:15:29', '2022-11-28 21:15:29'),
(45, 'Prof. Yvette Kiehn', 'I', 'tad31@tremblay.com', '13613 Greg Mountains', 'Adamsfort', 'Florida', '48417', '2022-11-28 21:15:29', '2022-11-28 21:15:29'),
(46, 'Wintheiser-Willms', 'B', 'gleichner.kraig@gmail.com', '592 Schmidt Stream Apt. 745', 'Prosaccohaven', 'Texas', '20610-2483', '2022-11-28 21:15:29', '2022-11-28 21:15:29'),
(47, 'Schultz, Corwin and Zemlak', 'B', 'ttoy@gmail.com', '54525 Parker Expressway', 'Hansenhaven', 'South Carolina', '90885-3946', '2022-11-28 21:15:29', '2022-11-28 21:15:29'),
(48, 'Mr. Ansel Reynolds', 'I', 'harris.chaim@pfannerstill.com', '982 Roberts Points', 'Port Gordon', 'Ohio', '00788-9119', '2022-11-28 21:15:29', '2022-11-28 21:15:29'),
(49, 'Lueilwitz-Auer', 'B', 'davion08@gmail.com', '4858 Thompson Rest', 'South Fredericborough', 'Louisiana', '42786', '2022-11-28 21:15:29', '2022-11-28 21:15:29'),
(50, 'Quigley Group', 'B', 'htorp@breitenberg.com', '24045 Alexie Track Suite 127', 'Cassandrahaven', 'Minnesota', '53539', '2022-11-28 21:15:29', '2022-11-28 21:15:29'),
(51, 'Dr. Lamont Kilback I', 'I', 'rafaela83@hotmail.com', '36744 Turcotte Walk Apt. 031', 'West Mustafa', 'Texas', '35325-8407', '2022-11-28 21:15:29', '2022-11-28 21:15:29'),
(52, 'Charlene Keebler', 'I', 'istehr@stroman.com', '3928 Norbert Meadow Apt. 384', 'North Treva', 'New Hampshire', '11715-8086', '2022-11-28 21:15:29', '2022-11-28 21:15:29'),
(53, 'Jessy Rau', 'I', 'lynch.greg@cummerata.com', '245 Ozella Harbor', 'Willmouth', 'Nebraska', '37847-2405', '2022-11-28 21:15:29', '2022-11-28 21:15:29'),
(54, 'Nitzsche-Mohr', 'B', 'elisha.effertz@bailey.com', '55623 Solon Fields Apt. 363', 'North Osborne', 'New Jersey', '87369', '2022-11-28 21:15:29', '2022-11-28 21:15:29'),
(55, 'Aiden Weimann', 'I', 'natasha36@lang.info', '1061 Beth Canyon', 'South Ninaton', 'Delaware', '91457-9764', '2022-11-28 21:15:29', '2022-11-28 21:15:29'),
(56, 'Alba Cole', 'I', 'brenden.gottlieb@yahoo.com', '86840 Weimann Rapid', 'North Margiehaven', 'New York', '22136', '2022-11-28 21:15:29', '2022-11-28 21:15:29'),
(57, 'Retha Metz', 'I', 'schneider.kelli@yahoo.com', '577 Boyer Harbors Apt. 376', 'New Orphaburgh', 'Delaware', '15487-7831', '2022-11-28 21:15:29', '2022-11-28 21:15:29'),
(58, 'Jast-Koch', 'B', 'ahmad.kshlerin@thompson.info', '568 D\'angelo Crescent', 'Dagmarborough', 'Oklahoma', '98307-2977', '2022-11-28 21:15:29', '2022-11-28 21:15:29'),
(59, 'Haley, Willms and Hagenes', 'B', 'bernice43@hotmail.com', '641 Kreiger Harbor', 'Bahringerberg', 'Idaho', '49094', '2022-11-28 21:15:29', '2022-11-28 21:15:29'),
(60, 'Corrine Effertz', 'I', 'karolann.mcglynn@crooks.info', '7871 Elijah Throughway Apt. 220', 'Violettebury', 'Kentucky', '30989', '2022-11-28 21:15:29', '2022-11-28 21:15:29'),
(61, 'Rosalia Zulauf', 'I', 'fadel.ellen@hotmail.com', '6600 Satterfield Ranch', 'Port Vernicebury', 'Washington', '66777', '2022-11-28 21:15:29', '2022-11-28 21:15:29'),
(62, 'Norris Casper', 'I', 'xschumm@gmail.com', '653 McDermott Mountain Apt. 282', 'Lake Estel', 'Mississippi', '54030-6358', '2022-11-28 21:15:29', '2022-11-28 21:15:29'),
(63, 'Legros-Senger', 'B', 'dereck84@gmail.com', '15997 Harmony Crescent Apt. 721', 'South Carmela', 'Washington', '63013', '2022-11-28 21:15:29', '2022-11-28 21:15:29'),
(64, 'Miller, Heidenreich and Nolan', 'B', 'faustino.wyman@schowalter.net', '23956 Herminia Throughway', 'Richieberg', 'Arizona', '87940-7693', '2022-11-28 21:15:29', '2022-11-28 21:15:29'),
(65, 'Janelle Aufderhar', 'I', 'greenholt.abbey@yahoo.com', '4306 Muller Rapid Apt. 811', 'Schneiderview', 'Mississippi', '64991-9051', '2022-11-28 21:15:29', '2022-11-28 21:15:29'),
(66, 'Paucek-Dooley', 'B', 'hilda85@schmeler.com', '621 Chet Curve', 'Lake Ramiroport', 'Arkansas', '00167', '2022-11-28 21:15:29', '2022-11-28 21:15:29'),
(67, 'Volkman-Halvorson', 'B', 'monahan.luigi@brakus.net', '890 Jules Corner Apt. 211', 'West Elzaland', 'West Virginia', '68967-6703', '2022-11-28 21:15:29', '2022-11-28 21:15:29'),
(68, 'Mazie Hayes DDS', 'I', 'wsipes@yahoo.com', '2753 Fleta Common Apt. 926', 'Mayerville', 'Texas', '12979-4662', '2022-11-28 21:15:29', '2022-11-28 21:15:29'),
(69, 'Breitenberg LLC', 'B', 'rickey13@gmail.com', '108 Maggio Junction Apt. 165', 'Schusterton', 'Illinois', '31770', '2022-11-28 21:15:29', '2022-11-28 21:15:29'),
(70, 'Schowalter PLC', 'B', 'alec.ryan@hotmail.com', '43798 Rempel Roads Suite 391', 'North Margarette', 'Oklahoma', '91308', '2022-11-28 21:15:30', '2022-11-28 21:15:30'),
(71, 'Rempel Inc', 'B', 'santiago46@nolan.biz', '4106 Robyn Summit Suite 540', 'East Wilbershire', 'South Carolina', '05425-6093', '2022-11-28 21:15:30', '2022-11-28 21:15:30'),
(72, 'Prof. Stanton Turcotte III', 'I', 'carter.palma@schaefer.info', '90063 Dorcas Field', 'North Otisview', 'Delaware', '61930', '2022-11-28 21:15:30', '2022-11-28 21:15:30'),
(73, 'Rolfson-Welch', 'B', 'fiona77@yahoo.com', '157 Rubie Trace', 'Kertzmannshire', 'Delaware', '62393', '2022-11-28 21:15:30', '2022-11-28 21:15:30'),
(74, 'Koepp-Carroll', 'B', 'alicia83@hotmail.com', '3359 Gerlach Stream', 'Dorthyhaven', 'California', '93332-7983', '2022-11-28 21:15:30', '2022-11-28 21:15:30'),
(75, 'Deja Gleason', 'I', 'nasir.lehner@hotmail.com', '544 Micheal Oval', 'Paucekshire', 'Ohio', '94634', '2022-11-28 21:15:30', '2022-11-28 21:15:30'),
(76, 'Reynolds-Deckow', 'B', 'gthiel@gmail.com', '23152 Estel Shores', 'Volkmanmouth', 'Tennessee', '84967-2546', '2022-11-28 21:15:30', '2022-11-28 21:15:30'),
(77, 'Prof. Sammy Kuhic DVM', 'I', 'donnelly.annie@nitzsche.com', '4728 Block Station', 'North Hollie', 'Michigan', '35146', '2022-11-28 21:15:30', '2022-11-28 21:15:30'),
(78, 'Denesik-Mitchell', 'B', 'travis07@hotmail.com', '7195 Toy Place Apt. 716', 'Port Lyla', 'New Mexico', '54835-8082', '2022-11-28 21:15:30', '2022-11-28 21:15:30'),
(79, 'Bosco PLC', 'B', 'gohara@nitzsche.biz', '1561 Albertha Rue Apt. 610', 'Kuhnshire', 'Minnesota', '27503-9310', '2022-11-28 21:15:30', '2022-11-28 21:15:30'),
(80, 'Ernser, Lemke and Franecki', 'B', 'wisoky.laverne@hotmail.com', '9601 Agustina Ridges', 'Alanismouth', 'Kansas', '09924-0791', '2022-11-28 21:15:30', '2022-11-28 21:15:30'),
(81, 'Ms. Hollie Schroeder Jr.', 'I', 'lesley.mertz@morissette.com', '388 Jayden Underpass', 'Leannachester', 'Florida', '24497-1698', '2022-11-28 21:15:30', '2022-11-28 21:15:30'),
(82, 'Elyse Rippin', 'I', 'yerdman@white.com', '44211 Windler Skyway Apt. 041', 'East Alanna', 'Louisiana', '77428-8277', '2022-11-28 21:15:30', '2022-11-28 21:15:30'),
(83, 'Dr. Clemmie Green IV', 'I', 'harmon52@stanton.info', '804 Bergstrom Heights Suite 928', 'New Antoniaton', 'Nebraska', '76777', '2022-11-28 21:15:30', '2022-11-28 21:15:30'),
(84, 'Champlin-Kerluke', 'B', 'clay72@gmail.com', '959 Delta Mission', 'East Jalenland', 'Georgia', '31767', '2022-11-28 21:15:30', '2022-11-28 21:15:30'),
(85, 'Mr. Greyson Nienow PhD', 'I', 'adaline.kunze@hotmail.com', '7160 Wilson Mews', 'Israelbury', 'Missouri', '08077', '2022-11-28 21:15:30', '2022-11-28 21:15:30'),
(86, 'Frami, Kozey and Kautzer', 'B', 'hruecker@klocko.org', '397 Rowan Estate', 'Monahanbury', 'District of Columbia', '25716-0598', '2022-11-28 21:15:30', '2022-11-28 21:15:30'),
(87, 'Labadie, West and Blick', 'B', 'oauer@hotmail.com', '310 Priscilla Fords', 'New Barryview', 'Hawaii', '65136-9856', '2022-11-28 21:15:30', '2022-11-28 21:15:30'),
(88, 'Ms. Anne Becker', 'I', 'stanton.mario@hudson.org', '6337 Swift Greens', 'Trishaport', 'New Jersey', '32384-2893', '2022-11-28 21:15:30', '2022-11-28 21:15:30'),
(89, 'Ms. Sarina Kihn I', 'I', 'nicholaus21@yahoo.com', '3919 Cormier Fort Apt. 971', 'Mosciskimouth', 'South Dakota', '29038', '2022-11-28 21:15:30', '2022-11-28 21:15:30'),
(90, 'Dr. Pasquale Lemke', 'I', 'elsa.botsford@heathcote.com', '297 O\'Conner Ford', 'Lake Lowell', 'Utah', '55111-6826', '2022-11-28 21:15:30', '2022-11-28 21:15:30'),
(91, 'Kuhn Inc', 'B', 'cfriesen@hotmail.com', '912 Hosea Crest Apt. 182', 'Lake Zacharytown', 'Minnesota', '97881-1261', '2022-11-28 21:15:30', '2022-11-28 21:15:30'),
(92, 'Raphaelle Romaguera', 'I', 'leannon.jettie@gmail.com', '7295 Cormier Terrace', 'Cummerataview', 'Wisconsin', '20181', '2022-11-28 21:15:30', '2022-11-28 21:15:30'),
(93, 'Oberbrunner-Cassin', 'B', 'sboyer@stokes.com', '8873 Antonetta Islands', 'West Almouth', 'Minnesota', '00284', '2022-11-28 21:15:30', '2022-11-28 21:15:30'),
(94, 'Konopelski and Sons', 'B', 'ivah61@nicolas.com', '991 Earl Camp Suite 544', 'McCulloughland', 'New Hampshire', '85120', '2022-11-28 21:15:30', '2022-11-28 21:15:30'),
(95, 'Denesik Group', 'B', 'ehackett@gmail.com', '7259 Rice Field Apt. 412', 'East Raoul', 'Pennsylvania', '85733', '2022-11-28 21:15:30', '2022-11-28 21:15:30'),
(96, 'Sauer LLC', 'B', 'retta77@hotmail.com', '3990 Myriam Trail', 'Bruenchester', 'Virginia', '56117-7326', '2022-11-28 21:15:30', '2022-11-28 21:15:30'),
(97, 'Chelsey McKenzie', 'I', 'rowe.breana@nienow.info', '5338 Marcos Road', 'Ebertton', 'Rhode Island', '09923-4613', '2022-11-28 21:15:30', '2022-11-28 21:15:30'),
(98, 'Jamarcus Kerluke', 'I', 'abagail.lemke@yahoo.com', '4188 Garrick Mall Suite 036', 'Bahringerport', 'South Dakota', '06254-0278', '2022-11-28 21:15:30', '2022-11-28 21:15:30'),
(99, 'Janis Wiza I', 'I', 'hbogan@gmail.com', '2026 Mayert Neck Apt. 866', 'Connellyshire', 'Kansas', '42729', '2022-11-28 21:15:30', '2022-11-28 21:15:30'),
(100, 'Cummings, Kerluke and Hintz', 'B', 'ufeil@gmail.com', '234 Hickle Fords Apt. 410', 'West Skylartown', 'Colorado', '37933-2187', '2022-11-28 21:15:30', '2022-11-28 21:15:30'),
(101, 'Jorge Schulist Sr.', 'I', 'bernie78@deckow.com', '394 Trace Union Suite 062', 'Caleighside', 'New York', '80270', '2022-11-28 21:15:30', '2022-11-28 21:15:30'),
(102, 'Kunze, Carter and Schmitt', 'B', 'qzboncak@gmail.com', '47022 McDermott Station', 'Vonburgh', 'Missouri', '16804-2823', '2022-11-28 21:15:30', '2022-11-28 21:15:30'),
(103, 'Crist Ltd', 'B', 'agleason@gmail.com', '9859 Joseph Meadows Apt. 924', 'New Mossieton', 'Montana', '54776', '2022-11-28 21:15:30', '2022-11-28 21:15:30'),
(104, 'Runolfsdottir and Sons', 'B', 'jeff.anderson@johnston.com', '785 Hintz Inlet', 'Hyattview', 'Indiana', '59988', '2022-11-28 21:15:30', '2022-11-28 21:15:30'),
(105, 'Deckow LLC', 'B', 'hyatt.marlee@gmail.com', '74634 Morissette Forge', 'Lake Damion', 'Minnesota', '90207-1870', '2022-11-28 21:15:30', '2022-11-28 21:15:30'),
(106, 'Verona Raynor', 'I', 'sabbott@hotmail.com', '68490 Abernathy Orchard', 'Hintzborough', 'Missouri', '30930-5293', '2022-11-28 21:15:30', '2022-11-28 21:15:30'),
(107, 'Miller-Cartwright', 'B', 'adaline.white@gmail.com', '1337 Hackett Isle Suite 296', 'Guadalupetown', 'Maryland', '26712', '2022-11-28 21:15:30', '2022-11-28 21:15:30'),
(108, 'Geraldine Grant', 'I', 'sister.collins@volkman.com', '4546 Rosenbaum Trace Apt. 300', 'Moenborough', 'Florida', '20608', '2022-11-28 21:15:30', '2022-11-28 21:15:30'),
(109, 'Murray-Emard', 'B', 'grady.kaley@yahoo.com', '896 Hansen Roads Suite 499', 'West Jordaneport', 'Oregon', '83689-4244', '2022-11-28 21:15:30', '2022-11-28 21:15:30'),
(110, 'Ms. Justina Halvorson II', 'I', 'hand.bret@bashirian.biz', '9272 Myrtie Union Suite 521', 'Skilesbury', 'Alaska', '03480-8058', '2022-11-28 21:15:30', '2022-11-28 21:15:30'),
(111, 'Kshlerin-Miller', 'B', 'bauch.hayley@hotmail.com', '4673 Gregoria Causeway Suite 895', 'East Caesarborough', 'Idaho', '49268-6777', '2022-11-28 21:15:30', '2022-11-28 21:15:30'),
(112, 'Lyla Hettinger', 'I', 'douglas.luther@boehm.com', '65910 Gorczany Port Suite 134', 'Doyleburgh', 'South Carolina', '98472-9096', '2022-11-28 21:15:30', '2022-11-28 21:15:30'),
(113, 'Prof. Maida Cole', 'I', 'mayert.eda@hotmail.com', '57704 Hayes Parks Apt. 021', 'Windlerborough', 'Alabama', '00082', '2022-11-28 21:15:30', '2022-11-28 21:15:30'),
(114, 'Luz Heidenreich', 'I', 'wbeer@zulauf.com', '6268 Streich Summit Apt. 350', 'New Emanuelmouth', 'Missouri', '77533-3822', '2022-11-28 21:15:30', '2022-11-28 21:15:30'),
(115, 'Ratke and Sons', 'B', 'krystel.kertzmann@gmail.com', '324 Berry Garden Apt. 315', 'Stokesfort', 'New Hampshire', '44471', '2022-11-28 21:15:30', '2022-11-28 21:15:30'),
(116, 'Kiehn, O\'Kon and Dickens', 'B', 'opal53@heaney.com', '18262 Ullrich Stream Apt. 750', 'East Bettyeville', 'Pennsylvania', '39833-8531', '2022-11-28 21:15:30', '2022-11-28 21:15:30'),
(117, 'O\'Conner, Bayer and Pfannerstill', 'B', 'fpredovic@prosacco.com', '45143 Gutmann Isle Suite 770', 'Dawnside', 'Oregon', '90994-3998', '2022-11-28 21:15:30', '2022-11-28 21:15:30'),
(118, 'Herzog-Hermiston', 'B', 'aron90@yahoo.com', '8860 Shields Burg Apt. 785', 'Jamarville', 'Idaho', '03437', '2022-11-28 21:15:30', '2022-11-28 21:15:30'),
(119, 'Waino Leannon', 'I', 'roob.orlo@gmail.com', '92306 Kim Plaza Apt. 113', 'Wintheiserborough', 'Utah', '67765', '2022-11-28 21:15:30', '2022-11-28 21:15:30'),
(120, 'Olin Ebert', 'I', 'simone.haley@hotmail.com', '7884 Dibbert Parks Apt. 465', 'Framitown', 'New Jersey', '01821-9809', '2022-11-28 21:15:30', '2022-11-28 21:15:30'),
(121, 'Franecki-Parisian', 'B', 'tlesch@hotmail.com', '348 Ledner Squares', 'Willaberg', 'Oregon', '52256', '2022-11-28 21:15:30', '2022-11-28 21:15:30'),
(122, 'Gretchen Greenholt', 'I', 'xtorphy@yahoo.com', '138 Stokes Pines Suite 540', 'Port Quinten', 'Vermont', '77612', '2022-11-28 21:15:30', '2022-11-28 21:15:30'),
(123, 'Tressa Schoen MD', 'I', 'vergie19@hotmail.com', '2111 Nader Extensions Apt. 216', 'Altenwerthmouth', 'Maryland', '93777-3564', '2022-11-28 21:15:30', '2022-11-28 21:15:30'),
(124, 'Gunner Beer', 'I', 'dcarroll@bergnaum.net', '9658 McCullough Plain Apt. 062', 'West Monicaberg', 'Kentucky', '45982-5920', '2022-11-28 21:15:30', '2022-11-28 21:15:30'),
(125, 'Shayne Brown', 'I', 'wnienow@hotmail.com', '147 Jacobson Branch Apt. 051', 'Port Lonnie', 'Rhode Island', '65343', '2022-11-28 21:15:30', '2022-11-28 21:15:30'),
(126, 'Goyette, Kunde and Ledner', 'B', 'gonzalo76@cartwright.com', '940 Macejkovic Wells', 'Port Graham', 'Montana', '85736-6391', '2022-11-28 21:15:30', '2022-11-28 21:15:30'),
(127, 'Rhea Denesik', 'I', 'volkman.gloria@gmail.com', '7405 Schiller Stravenue Suite 082', 'Tillmanburgh', 'Louisiana', '45931', '2022-11-28 21:15:30', '2022-11-28 21:15:30'),
(128, 'Molly Haley', 'I', 'wiley.bogan@gmail.com', '890 Corwin Knolls Suite 077', 'Port Fern', 'Nevada', '27429-8244', '2022-11-28 21:15:30', '2022-11-28 21:15:30'),
(129, 'Mattie Bode', 'I', 'kshlerin.christa@yahoo.com', '6334 Kuhic Grove', 'Carolannechester', 'Alaska', '30317-7195', '2022-11-28 21:15:30', '2022-11-28 21:15:30'),
(130, 'Mr. Chris Gerhold', 'I', 'avis.becker@denesik.com', '6962 Tianna Keys Apt. 782', 'New Oren', 'Nebraska', '76233', '2022-11-28 21:15:30', '2022-11-28 21:15:30');

-- --------------------------------------------------------

--
-- Table structure for table `failed_jobs`
--

CREATE TABLE `failed_jobs` (
  `id` bigint(20) UNSIGNED NOT NULL,
  `uuid` varchar(255) COLLATE utf8mb4_unicode_ci NOT NULL,
  `connection` text COLLATE utf8mb4_unicode_ci NOT NULL,
  `queue` text COLLATE utf8mb4_unicode_ci NOT NULL,
  `payload` longtext COLLATE utf8mb4_unicode_ci NOT NULL,
  `exception` longtext COLLATE utf8mb4_unicode_ci NOT NULL,
  `failed_at` timestamp NOT NULL DEFAULT current_timestamp()
) ENGINE=InnoDB DEFAULT CHARSET=utf8mb4 COLLATE=utf8mb4_unicode_ci;

-- --------------------------------------------------------

--
-- Table structure for table `invoices`
--

CREATE TABLE `invoices` (
  `id` bigint(20) UNSIGNED NOT NULL,
  `customer_id` int(11) NOT NULL,
  `amount` int(11) NOT NULL,
  `status` varchar(255) COLLATE utf8mb4_unicode_ci NOT NULL,
  `billed_date` datetime NOT NULL,
  `paid_date` datetime DEFAULT NULL,
  `created_at` timestamp NULL DEFAULT NULL,
  `updated_at` timestamp NULL DEFAULT NULL
) ENGINE=InnoDB DEFAULT CHARSET=utf8mb4 COLLATE=utf8mb4_unicode_ci;

--
-- Dumping data for table `invoices`
--

INSERT INTO `invoices` (`id`, `customer_id`, `amount`, `status`, `billed_date`, `paid_date`, `created_at`, `updated_at`) VALUES
(1, 1, 96637, 'B', '2016-11-03 11:06:10', NULL, '2022-11-28 21:15:28', '2022-11-28 21:15:28'),
(2, 1, 151677, 'V', '2019-02-28 09:06:52', NULL, '2022-11-28 21:15:28', '2022-11-28 21:15:28'),
(3, 1, 120473, 'B', '2018-08-23 02:54:57', NULL, '2022-11-28 21:15:28', '2022-11-28 21:15:28'),
(4, 1, 81966, 'B', '2013-06-27 08:11:29', NULL, '2022-11-28 21:15:28', '2022-11-28 21:15:28'),
(5, 1, 9908, 'B', '2015-08-06 00:33:41', NULL, '2022-11-28 21:15:28', '2022-11-28 21:15:28'),
(6, 1, 137597, 'B', '2014-07-16 07:44:07', NULL, '2022-11-28 21:15:28', '2022-11-28 21:15:28'),
(7, 1, 110045, 'P', '2022-11-25 08:06:45', '2020-03-07 17:05:56', '2022-11-28 21:15:28', '2022-11-28 21:15:28'),
(8, 1, 9560, 'V', '2020-02-21 01:52:05', NULL, '2022-11-28 21:15:28', '2022-11-28 21:15:28'),
(9, 1, 129886, 'P', '2013-02-03 00:35:44', '2013-06-29 03:47:45', '2022-11-28 21:15:28', '2022-11-28 21:15:28'),
(10, 1, 5081, 'B', '2018-08-11 05:07:06', NULL, '2022-11-28 21:15:28', '2022-11-28 21:15:28'),
(11, 2, 199317, 'V', '2015-02-08 04:50:44', NULL, '2022-11-28 21:15:28', '2022-11-28 21:15:28'),
(12, 2, 32708, 'B', '2020-10-14 05:36:33', NULL, '2022-11-28 21:15:28', '2022-11-28 21:15:28'),
(13, 2, 192253, 'B', '2020-01-27 03:51:08', NULL, '2022-11-28 21:15:28', '2022-11-28 21:15:28'),
(14, 2, 93813, 'B', '2021-08-12 19:22:17', NULL, '2022-11-28 21:15:28', '2022-11-28 21:15:28'),
(15, 2, 158334, 'V', '2015-02-24 09:37:22', NULL, '2022-11-28 21:15:28', '2022-11-28 21:15:28'),
(16, 2, 118428, 'B', '2019-03-23 11:23:34', NULL, '2022-11-28 21:15:28', '2022-11-28 21:15:28'),
(17, 2, 96669, 'B', '2014-06-01 22:15:51', NULL, '2022-11-28 21:15:28', '2022-11-28 21:15:28'),
(18, 2, 28051, 'V', '2021-06-20 16:16:02', NULL, '2022-11-28 21:15:28', '2022-11-28 21:15:28'),
(19, 2, 195883, 'V', '2022-07-21 05:11:13', NULL, '2022-11-28 21:15:28', '2022-11-28 21:15:28'),
(20, 2, 179335, 'V', '2019-06-14 13:02:13', NULL, '2022-11-28 21:15:28', '2022-11-28 21:15:28'),
(21, 3, 108189, 'P', '2022-03-19 20:24:19', '2021-11-20 23:59:21', '2022-11-28 21:15:28', '2022-11-28 21:15:28'),
(22, 3, 9019, 'V', '2018-09-05 19:58:04', NULL, '2022-11-28 21:15:28', '2022-11-28 21:15:28'),
(23, 3, 3767, 'V', '2013-02-17 00:33:51', NULL, '2022-11-28 21:15:28', '2022-11-28 21:15:28'),
(24, 3, 17255, 'B', '2019-11-09 18:51:36', NULL, '2022-11-28 21:15:28', '2022-11-28 21:15:28'),
(25, 3, 143555, 'B', '2013-04-20 03:57:00', NULL, '2022-11-28 21:15:28', '2022-11-28 21:15:28'),
(26, 3, 99649, 'P', '2019-03-16 02:36:12', '2015-11-28 19:54:06', '2022-11-28 21:15:28', '2022-11-28 21:15:28'),
(27, 3, 163033, 'V', '2015-08-08 01:33:40', NULL, '2022-11-28 21:15:28', '2022-11-28 21:15:28'),
(28, 3, 50238, 'B', '2013-12-11 09:05:07', NULL, '2022-11-28 21:15:28', '2022-11-28 21:15:28'),
(29, 3, 13403, 'P', '2015-05-18 16:14:46', '2021-02-07 06:15:54', '2022-11-28 21:15:28', '2022-11-28 21:15:28'),
(30, 3, 187851, 'B', '2021-07-28 00:45:04', NULL, '2022-11-28 21:15:28', '2022-11-28 21:15:28'),
(31, 4, 65903, 'P', '2022-03-03 08:02:42', '2020-10-24 01:27:23', '2022-11-28 21:15:28', '2022-11-28 21:15:28'),
(32, 4, 8083, 'V', '2022-04-28 15:59:55', NULL, '2022-11-28 21:15:28', '2022-11-28 21:15:28'),
(33, 4, 155497, 'V', '2022-01-16 17:03:55', NULL, '2022-11-28 21:15:28', '2022-11-28 21:15:28'),
(34, 4, 65272, 'P', '2020-10-16 02:43:42', '2019-01-25 19:36:29', '2022-11-28 21:15:28', '2022-11-28 21:15:28'),
(35, 4, 52233, 'V', '2017-11-04 09:07:50', NULL, '2022-11-28 21:15:28', '2022-11-28 21:15:28'),
(36, 4, 164423, 'B', '2021-01-14 00:18:51', NULL, '2022-11-28 21:15:28', '2022-11-28 21:15:28'),
(37, 4, 59070, 'B', '2022-07-10 01:06:01', NULL, '2022-11-28 21:15:28', '2022-11-28 21:15:28'),
(38, 4, 38637, 'V', '2014-08-15 14:38:51', NULL, '2022-11-28 21:15:28', '2022-11-28 21:15:28'),
(39, 4, 180477, 'P', '2013-04-13 04:54:54', '2013-05-24 21:09:41', '2022-11-28 21:15:28', '2022-11-28 21:15:28'),
(40, 4, 38672, 'P', '2018-01-10 00:15:54', '2020-01-12 06:12:18', '2022-11-28 21:15:28', '2022-11-28 21:15:28'),
(41, 5, 173582, 'V', '2020-02-08 03:06:30', NULL, '2022-11-28 21:15:28', '2022-11-28 21:15:28'),
(42, 5, 165524, 'B', '2019-06-24 22:28:51', NULL, '2022-11-28 21:15:28', '2022-11-28 21:15:28'),
(43, 5, 156076, 'V', '2022-04-27 21:19:19', NULL, '2022-11-28 21:15:28', '2022-11-28 21:15:28'),
(44, 5, 17259, 'P', '2016-03-20 03:57:46', '2013-03-15 23:13:55', '2022-11-28 21:15:28', '2022-11-28 21:15:28'),
(45, 5, 114925, 'P', '2017-08-29 11:21:55', '2013-08-19 05:42:25', '2022-11-28 21:15:28', '2022-11-28 21:15:28'),
(46, 5, 132038, 'B', '2020-08-21 17:26:21', NULL, '2022-11-28 21:15:28', '2022-11-28 21:15:28'),
(47, 5, 163254, 'B', '2016-10-15 18:52:27', NULL, '2022-11-28 21:15:28', '2022-11-28 21:15:28'),
(48, 5, 18883, 'P', '2012-12-16 14:15:46', '2018-11-28 06:42:02', '2022-11-28 21:15:28', '2022-11-28 21:15:28'),
(49, 5, 36394, 'V', '2014-07-16 17:26:00', NULL, '2022-11-28 21:15:28', '2022-11-28 21:15:28'),
(50, 5, 167666, 'B', '2017-09-19 08:08:08', NULL, '2022-11-28 21:15:28', '2022-11-28 21:15:28'),
(51, 6, 90199, 'V', '2017-10-18 15:35:23', NULL, '2022-11-28 21:15:28', '2022-11-28 21:15:28'),
(52, 6, 114890, 'V', '2015-09-19 07:25:26', NULL, '2022-11-28 21:15:28', '2022-11-28 21:15:28'),
(53, 6, 47670, 'B', '2019-01-17 07:23:01', NULL, '2022-11-28 21:15:28', '2022-11-28 21:15:28'),
(54, 6, 6620, 'V', '2016-07-29 16:49:06', NULL, '2022-11-28 21:15:28', '2022-11-28 21:15:28'),
(55, 6, 55692, 'V', '2018-08-17 11:19:57', NULL, '2022-11-28 21:15:28', '2022-11-28 21:15:28'),
(56, 6, 91008, 'P', '2021-04-06 11:26:55', '2013-06-28 01:27:52', '2022-11-28 21:15:28', '2022-11-28 21:15:28'),
(57, 6, 64395, 'P', '2019-12-15 12:08:50', '2018-04-24 04:19:39', '2022-11-28 21:15:28', '2022-11-28 21:15:28'),
(58, 6, 154860, 'V', '2013-06-24 14:41:16', NULL, '2022-11-28 21:15:28', '2022-11-28 21:15:28'),
(59, 6, 66767, 'P', '2017-12-24 13:07:32', '2019-04-09 00:49:51', '2022-11-28 21:15:28', '2022-11-28 21:15:28'),
(60, 6, 31489, 'B', '2017-08-21 11:48:09', NULL, '2022-11-28 21:15:28', '2022-11-28 21:15:28'),
(61, 7, 8183, 'P', '2018-09-21 13:28:30', '2022-07-25 14:18:06', '2022-11-28 21:15:28', '2022-11-28 21:15:28'),
(62, 7, 127935, 'V', '2018-08-04 05:24:49', NULL, '2022-11-28 21:15:28', '2022-11-28 21:15:28'),
(63, 7, 146734, 'V', '2019-02-08 02:16:26', NULL, '2022-11-28 21:15:28', '2022-11-28 21:15:28'),
(64, 7, 73156, 'P', '2022-03-30 15:36:16', '2019-06-30 11:22:58', '2022-11-28 21:15:28', '2022-11-28 21:15:28'),
(65, 7, 95424, 'B', '2020-12-18 05:33:23', NULL, '2022-11-28 21:15:28', '2022-11-28 21:15:28'),
(66, 7, 124590, 'P', '2012-12-22 17:33:09', '2019-10-15 14:18:16', '2022-11-28 21:15:28', '2022-11-28 21:15:28'),
(67, 7, 65736, 'B', '2017-04-01 21:50:35', NULL, '2022-11-28 21:15:28', '2022-11-28 21:15:28'),
(68, 7, 178456, 'P', '2021-09-14 03:05:24', '2021-09-01 11:00:09', '2022-11-28 21:15:28', '2022-11-28 21:15:28'),
(69, 7, 111551, 'B', '2020-12-23 06:29:03', NULL, '2022-11-28 21:15:28', '2022-11-28 21:15:28'),
(70, 7, 143430, 'P', '2013-10-04 03:50:41', '2018-07-03 01:45:25', '2022-11-28 21:15:28', '2022-11-28 21:15:28'),
(71, 8, 104131, 'P', '2019-10-19 22:42:53', '2021-03-19 21:35:33', '2022-11-28 21:15:28', '2022-11-28 21:15:28'),
(72, 8, 164813, 'P', '2021-09-06 07:17:20', '2018-04-03 01:42:01', '2022-11-28 21:15:28', '2022-11-28 21:15:28'),
(73, 8, 173569, 'V', '2020-10-20 21:15:53', NULL, '2022-11-28 21:15:28', '2022-11-28 21:15:28'),
(74, 8, 58622, 'V', '2017-04-20 20:16:29', NULL, '2022-11-28 21:15:28', '2022-11-28 21:15:28'),
(75, 8, 55855, 'V', '2013-09-17 08:52:17', NULL, '2022-11-28 21:15:28', '2022-11-28 21:15:28'),
(76, 8, 115178, 'B', '2018-10-01 09:42:22', NULL, '2022-11-28 21:15:28', '2022-11-28 21:15:28'),
(77, 8, 26050, 'V', '2015-09-28 18:54:25', NULL, '2022-11-28 21:15:28', '2022-11-28 21:15:28'),
(78, 8, 5584, 'P', '2018-11-25 08:00:43', '2014-08-15 00:54:29', '2022-11-28 21:15:28', '2022-11-28 21:15:28'),
(79, 8, 41665, 'P', '2013-03-18 22:07:42', '2022-09-10 01:32:07', '2022-11-28 21:15:28', '2022-11-28 21:15:28'),
(80, 8, 145871, 'V', '2018-05-12 00:12:00', NULL, '2022-11-28 21:15:28', '2022-11-28 21:15:28'),
(81, 9, 197136, 'P', '2019-11-11 14:42:34', '2019-04-21 11:36:47', '2022-11-28 21:15:28', '2022-11-28 21:15:28'),
(82, 9, 181624, 'V', '2013-06-05 08:20:42', NULL, '2022-11-28 21:15:28', '2022-11-28 21:15:28'),
(83, 9, 163842, 'P', '2021-06-20 16:29:47', '2014-04-28 00:33:04', '2022-11-28 21:15:28', '2022-11-28 21:15:28'),
(84, 9, 75473, 'P', '2019-11-11 06:30:40', '2020-08-04 09:52:36', '2022-11-28 21:15:28', '2022-11-28 21:15:28'),
(85, 9, 80708, 'V', '2019-09-14 19:33:45', NULL, '2022-11-28 21:15:28', '2022-11-28 21:15:28'),
(86, 9, 30511, 'B', '2019-05-07 22:42:56', NULL, '2022-11-28 21:15:28', '2022-11-28 21:15:28'),
(87, 9, 178009, 'V', '2015-09-11 16:03:32', NULL, '2022-11-28 21:15:28', '2022-11-28 21:15:28'),
(88, 9, 58870, 'P', '2013-04-25 14:22:09', '2017-11-10 15:28:18', '2022-11-28 21:15:28', '2022-11-28 21:15:28'),
(89, 9, 54105, 'P', '2016-06-06 23:29:54', '2013-08-04 05:47:23', '2022-11-28 21:15:28', '2022-11-28 21:15:28'),
(90, 9, 140823, 'P', '2014-10-29 03:50:29', '2013-10-02 04:18:30', '2022-11-28 21:15:28', '2022-11-28 21:15:28'),
(91, 10, 182126, 'B', '2014-02-27 17:33:37', NULL, '2022-11-28 21:15:28', '2022-11-28 21:15:28'),
(92, 10, 159245, 'P', '2019-06-18 21:15:30', '2019-03-19 02:08:55', '2022-11-28 21:15:28', '2022-11-28 21:15:28'),
(93, 10, 64569, 'V', '2013-09-14 04:08:14', NULL, '2022-11-28 21:15:28', '2022-11-28 21:15:28'),
(94, 10, 20604, 'B', '2015-02-12 13:22:14', NULL, '2022-11-28 21:15:28', '2022-11-28 21:15:28'),
(95, 10, 60707, 'V', '2015-03-13 06:56:41', NULL, '2022-11-28 21:15:28', '2022-11-28 21:15:28'),
(96, 10, 53505, 'P', '2015-01-06 00:20:06', '2014-01-21 22:17:49', '2022-11-28 21:15:28', '2022-11-28 21:15:28'),
(97, 10, 157954, 'B', '2018-04-22 05:44:30', NULL, '2022-11-28 21:15:28', '2022-11-28 21:15:28'),
(98, 10, 40736, 'V', '2015-04-19 01:49:03', NULL, '2022-11-28 21:15:28', '2022-11-28 21:15:28'),
(99, 10, 194164, 'P', '2015-06-12 09:29:28', '2019-12-17 05:51:47', '2022-11-28 21:15:28', '2022-11-28 21:15:28'),
(100, 10, 188210, 'B', '2014-04-13 03:01:36', NULL, '2022-11-28 21:15:28', '2022-11-28 21:15:28'),
(101, 11, 65054, 'V', '2021-03-15 23:10:43', NULL, '2022-11-28 21:15:28', '2022-11-28 21:15:28'),
(102, 11, 91365, 'B', '2014-04-18 14:12:20', NULL, '2022-11-28 21:15:28', '2022-11-28 21:15:28'),
(103, 11, 175911, 'P', '2020-04-27 11:37:33', '2014-03-14 01:39:33', '2022-11-28 21:15:28', '2022-11-28 21:15:28'),
(104, 11, 10244, 'B', '2018-04-07 11:31:45', NULL, '2022-11-28 21:15:28', '2022-11-28 21:15:28'),
(105, 11, 82364, 'V', '2014-03-19 16:50:43', NULL, '2022-11-28 21:15:28', '2022-11-28 21:15:28'),
(106, 11, 41687, 'B', '2022-05-21 10:00:39', NULL, '2022-11-28 21:15:28', '2022-11-28 21:15:28'),
(107, 11, 50769, 'B', '2020-03-28 22:17:33', NULL, '2022-11-28 21:15:28', '2022-11-28 21:15:28'),
(108, 11, 28925, 'B', '2014-01-30 10:06:15', NULL, '2022-11-28 21:15:28', '2022-11-28 21:15:28'),
(109, 11, 93458, 'V', '2015-11-25 17:36:18', NULL, '2022-11-28 21:15:28', '2022-11-28 21:15:28'),
(110, 11, 93480, 'P', '2017-12-27 01:43:12', '2014-03-30 19:17:05', '2022-11-28 21:15:28', '2022-11-28 21:15:28'),
(111, 12, 33572, 'B', '2013-04-05 10:57:32', NULL, '2022-11-28 21:15:29', '2022-11-28 21:15:29'),
(112, 12, 30007, 'V', '2019-05-25 00:08:25', NULL, '2022-11-28 21:15:29', '2022-11-28 21:15:29'),
(113, 12, 93734, 'P', '2018-03-25 05:54:03', '2015-11-18 05:07:07', '2022-11-28 21:15:29', '2022-11-28 21:15:29'),
(114, 12, 168943, 'V', '2016-10-07 09:57:26', NULL, '2022-11-28 21:15:29', '2022-11-28 21:15:29'),
(115, 12, 1965, 'V', '2015-08-04 18:46:49', NULL, '2022-11-28 21:15:29', '2022-11-28 21:15:29'),
(116, 12, 195971, 'P', '2014-04-23 04:43:21', '2020-04-27 02:11:45', '2022-11-28 21:15:29', '2022-11-28 21:15:29'),
(117, 12, 128536, 'P', '2016-04-12 07:15:13', '2020-03-05 14:32:00', '2022-11-28 21:15:29', '2022-11-28 21:15:29'),
(118, 12, 97783, 'P', '2018-08-04 02:53:00', '2021-05-28 16:06:37', '2022-11-28 21:15:29', '2022-11-28 21:15:29'),
(119, 12, 27174, 'P', '2015-05-24 03:13:25', '2016-10-28 17:47:26', '2022-11-28 21:15:29', '2022-11-28 21:15:29'),
(120, 12, 6889, 'V', '2021-05-11 15:28:15', NULL, '2022-11-28 21:15:29', '2022-11-28 21:15:29'),
(121, 13, 66665, 'V', '2022-01-16 04:53:24', NULL, '2022-11-28 21:15:29', '2022-11-28 21:15:29'),
(122, 13, 168469, 'B', '2015-08-09 10:10:39', NULL, '2022-11-28 21:15:29', '2022-11-28 21:15:29'),
(123, 13, 125921, 'B', '2021-09-17 00:04:35', NULL, '2022-11-28 21:15:29', '2022-11-28 21:15:29'),
(124, 13, 87904, 'B', '2016-10-05 08:41:25', NULL, '2022-11-28 21:15:29', '2022-11-28 21:15:29'),
(125, 13, 18306, 'P', '2021-03-25 13:35:59', '2021-02-22 21:38:27', '2022-11-28 21:15:29', '2022-11-28 21:15:29'),
(126, 13, 21616, 'P', '2022-10-12 17:34:29', '2014-12-08 18:11:54', '2022-11-28 21:15:29', '2022-11-28 21:15:29'),
(127, 13, 175775, 'B', '2019-10-19 22:22:28', NULL, '2022-11-28 21:15:29', '2022-11-28 21:15:29'),
(128, 13, 74654, 'V', '2017-12-03 07:28:23', NULL, '2022-11-28 21:15:29', '2022-11-28 21:15:29'),
(129, 13, 78806, 'B', '2017-03-24 08:43:38', NULL, '2022-11-28 21:15:29', '2022-11-28 21:15:29'),
(130, 13, 93563, 'P', '2013-10-25 09:03:16', '2019-05-16 04:26:08', '2022-11-28 21:15:29', '2022-11-28 21:15:29'),
(131, 14, 32622, 'P', '2020-06-18 03:10:27', '2014-09-11 21:27:58', '2022-11-28 21:15:29', '2022-11-28 21:15:29'),
(132, 14, 52194, 'P', '2014-01-08 16:04:00', '2020-11-01 10:28:27', '2022-11-28 21:15:29', '2022-11-28 21:15:29'),
(133, 14, 184112, 'P', '2013-02-04 06:44:03', '2015-03-12 09:21:03', '2022-11-28 21:15:29', '2022-11-28 21:15:29'),
(134, 14, 191283, 'P', '2015-10-26 01:11:43', '2015-02-11 13:37:08', '2022-11-28 21:15:29', '2022-11-28 21:15:29'),
(135, 14, 86644, 'P', '2021-04-03 05:18:33', '2022-04-11 21:10:43', '2022-11-28 21:15:29', '2022-11-28 21:15:29'),
(136, 14, 14592, 'B', '2018-04-18 01:36:19', NULL, '2022-11-28 21:15:29', '2022-11-28 21:15:29'),
(137, 14, 128341, 'P', '2016-02-18 15:06:17', '2016-02-02 13:06:35', '2022-11-28 21:15:29', '2022-11-28 21:15:29'),
(138, 14, 38125, 'B', '2014-06-03 21:20:26', NULL, '2022-11-28 21:15:29', '2022-11-28 21:15:29'),
(139, 14, 105602, 'P', '2021-09-29 09:31:58', '2017-05-27 13:14:25', '2022-11-28 21:15:29', '2022-11-28 21:15:29'),
(140, 14, 26467, 'B', '2013-01-30 10:48:24', NULL, '2022-11-28 21:15:29', '2022-11-28 21:15:29'),
(141, 15, 4116, 'B', '2013-03-07 18:22:41', NULL, '2022-11-28 21:15:29', '2022-11-28 21:15:29'),
(142, 15, 42466, 'B', '2021-04-06 23:30:39', NULL, '2022-11-28 21:15:29', '2022-11-28 21:15:29'),
(143, 15, 147357, 'B', '2017-11-10 04:30:26', NULL, '2022-11-28 21:15:29', '2022-11-28 21:15:29'),
(144, 15, 117959, 'V', '2015-01-03 18:08:50', NULL, '2022-11-28 21:15:29', '2022-11-28 21:15:29'),
(145, 15, 107568, 'P', '2018-11-27 08:17:12', '2016-10-15 23:19:03', '2022-11-28 21:15:29', '2022-11-28 21:15:29'),
(146, 15, 71917, 'P', '2015-11-10 00:51:14', '2022-05-15 04:47:11', '2022-11-28 21:15:29', '2022-11-28 21:15:29'),
(147, 15, 156388, 'B', '2022-02-14 17:18:42', NULL, '2022-11-28 21:15:29', '2022-11-28 21:15:29'),
(148, 15, 183727, 'P', '2016-03-26 21:50:53', '2020-01-19 04:02:10', '2022-11-28 21:15:29', '2022-11-28 21:15:29'),
(149, 15, 158303, 'V', '2014-02-02 08:12:27', NULL, '2022-11-28 21:15:29', '2022-11-28 21:15:29'),
(150, 15, 43027, 'B', '2015-01-23 20:11:01', NULL, '2022-11-28 21:15:29', '2022-11-28 21:15:29'),
(151, 16, 159140, 'P', '2013-07-07 03:47:44', '2019-04-25 15:17:12', '2022-11-28 21:15:29', '2022-11-28 21:15:29'),
(152, 16, 18558, 'P', '2022-03-14 19:10:13', '2021-12-09 01:28:31', '2022-11-28 21:15:29', '2022-11-28 21:15:29'),
(153, 16, 184104, 'V', '2020-11-29 15:33:12', NULL, '2022-11-28 21:15:29', '2022-11-28 21:15:29'),
(154, 16, 34298, 'B', '2016-12-22 22:11:20', NULL, '2022-11-28 21:15:29', '2022-11-28 21:15:29'),
(155, 16, 128609, 'P', '2015-05-26 04:58:04', '2020-11-25 03:42:51', '2022-11-28 21:15:29', '2022-11-28 21:15:29'),
(156, 16, 115426, 'B', '2017-08-07 21:22:09', NULL, '2022-11-28 21:15:29', '2022-11-28 21:15:29'),
(157, 16, 21245, 'V', '2016-06-29 14:58:44', NULL, '2022-11-28 21:15:29', '2022-11-28 21:15:29'),
(158, 16, 164258, 'P', '2016-05-19 16:19:47', '2020-09-11 03:30:37', '2022-11-28 21:15:29', '2022-11-28 21:15:29'),
(159, 16, 82785, 'P', '2013-10-09 03:45:28', '2019-12-31 04:06:33', '2022-11-28 21:15:29', '2022-11-28 21:15:29'),
(160, 16, 65986, 'B', '2016-12-04 13:54:44', NULL, '2022-11-28 21:15:29', '2022-11-28 21:15:29'),
(161, 17, 197738, 'B', '2021-12-01 03:03:37', NULL, '2022-11-28 21:15:29', '2022-11-28 21:15:29'),
(162, 17, 128818, 'P', '2014-08-13 22:54:43', '2019-11-11 00:06:28', '2022-11-28 21:15:29', '2022-11-28 21:15:29'),
(163, 17, 21511, 'P', '2013-11-29 06:14:01', '2022-11-28 11:08:34', '2022-11-28 21:15:29', '2022-11-28 21:15:29'),
(164, 17, 175626, 'P', '2022-11-10 14:03:15', '2020-08-21 19:14:34', '2022-11-28 21:15:29', '2022-11-28 21:15:29'),
(165, 17, 45534, 'P', '2019-12-02 01:37:18', '2013-05-07 13:57:32', '2022-11-28 21:15:29', '2022-11-28 21:15:29'),
(166, 17, 153693, 'B', '2018-05-26 04:01:52', NULL, '2022-11-28 21:15:29', '2022-11-28 21:15:29'),
(167, 17, 164560, 'V', '2014-12-30 14:11:15', NULL, '2022-11-28 21:15:29', '2022-11-28 21:15:29'),
(168, 17, 173334, 'P', '2016-05-02 22:22:46', '2013-05-26 11:07:41', '2022-11-28 21:15:29', '2022-11-28 21:15:29'),
(169, 17, 133002, 'P', '2021-12-10 05:23:51', '2013-04-26 13:46:59', '2022-11-28 21:15:29', '2022-11-28 21:15:29'),
(170, 17, 28940, 'B', '2016-11-03 12:20:00', NULL, '2022-11-28 21:15:29', '2022-11-28 21:15:29'),
(171, 18, 150003, 'B', '2012-12-19 09:47:06', NULL, '2022-11-28 21:15:29', '2022-11-28 21:15:29'),
(172, 18, 60754, 'V', '2021-02-07 08:54:05', NULL, '2022-11-28 21:15:29', '2022-11-28 21:15:29'),
(173, 18, 145911, 'B', '2017-03-17 16:59:46', NULL, '2022-11-28 21:15:29', '2022-11-28 21:15:29'),
(174, 18, 134847, 'V', '2020-11-29 07:05:30', NULL, '2022-11-28 21:15:29', '2022-11-28 21:15:29'),
(175, 18, 149435, 'P', '2018-10-24 09:57:42', '2022-11-07 05:56:16', '2022-11-28 21:15:29', '2022-11-28 21:15:29'),
(176, 18, 28568, 'P', '2016-02-29 10:31:42', '2020-01-13 00:03:36', '2022-11-28 21:15:29', '2022-11-28 21:15:29'),
(177, 18, 85140, 'P', '2014-08-31 13:33:27', '2017-06-19 21:35:06', '2022-11-28 21:15:29', '2022-11-28 21:15:29'),
(178, 18, 123863, 'B', '2017-01-16 14:17:16', NULL, '2022-11-28 21:15:29', '2022-11-28 21:15:29'),
(179, 18, 95500, 'P', '2014-07-03 06:29:53', '2015-06-22 03:39:14', '2022-11-28 21:15:29', '2022-11-28 21:15:29'),
(180, 18, 141286, 'V', '2016-04-30 01:06:12', NULL, '2022-11-28 21:15:29', '2022-11-28 21:15:29'),
(181, 19, 25622, 'P', '2016-01-14 18:24:49', '2016-11-12 17:10:09', '2022-11-28 21:15:29', '2022-11-28 21:15:29'),
(182, 19, 115491, 'V', '2013-04-16 21:49:05', NULL, '2022-11-28 21:15:29', '2022-11-28 21:15:29'),
(183, 19, 46003, 'B', '2014-02-25 15:02:08', NULL, '2022-11-28 21:15:29', '2022-11-28 21:15:29'),
(184, 19, 45889, 'V', '2020-05-05 09:04:17', NULL, '2022-11-28 21:15:29', '2022-11-28 21:15:29'),
(185, 19, 125301, 'P', '2021-11-18 18:42:11', '2017-04-20 09:11:22', '2022-11-28 21:15:29', '2022-11-28 21:15:29'),
(186, 19, 101755, 'V', '2022-09-22 22:01:04', NULL, '2022-11-28 21:15:29', '2022-11-28 21:15:29'),
(187, 19, 70860, 'P', '2017-09-15 19:04:38', '2013-03-30 18:45:35', '2022-11-28 21:15:29', '2022-11-28 21:15:29'),
(188, 19, 171785, 'B', '2014-10-29 05:59:32', NULL, '2022-11-28 21:15:29', '2022-11-28 21:15:29'),
(189, 19, 41604, 'B', '2017-12-25 15:49:34', NULL, '2022-11-28 21:15:29', '2022-11-28 21:15:29'),
(190, 19, 171296, 'V', '2014-05-17 15:58:17', NULL, '2022-11-28 21:15:29', '2022-11-28 21:15:29'),
(191, 20, 134852, 'B', '2021-03-01 21:30:14', NULL, '2022-11-28 21:15:29', '2022-11-28 21:15:29'),
(192, 20, 89856, 'V', '2013-08-11 09:07:11', NULL, '2022-11-28 21:15:29', '2022-11-28 21:15:29'),
(193, 20, 81809, 'B', '2015-11-24 09:17:11', NULL, '2022-11-28 21:15:29', '2022-11-28 21:15:29'),
(194, 20, 14162, 'V', '2020-06-24 08:09:16', NULL, '2022-11-28 21:15:29', '2022-11-28 21:15:29'),
(195, 20, 66937, 'B', '2013-03-19 08:09:09', NULL, '2022-11-28 21:15:29', '2022-11-28 21:15:29'),
(196, 20, 189596, 'B', '2014-01-21 10:01:22', NULL, '2022-11-28 21:15:29', '2022-11-28 21:15:29'),
(197, 20, 159630, 'B', '2019-05-07 20:04:31', NULL, '2022-11-28 21:15:29', '2022-11-28 21:15:29'),
(198, 20, 60407, 'V', '2019-07-07 22:05:40', NULL, '2022-11-28 21:15:29', '2022-11-28 21:15:29'),
(199, 20, 6795, 'B', '2014-09-03 17:25:49', NULL, '2022-11-28 21:15:29', '2022-11-28 21:15:29'),
(200, 20, 149473, 'V', '2021-06-06 22:58:17', NULL, '2022-11-28 21:15:29', '2022-11-28 21:15:29'),
(201, 21, 177588, 'B', '2019-04-15 22:43:06', NULL, '2022-11-28 21:15:29', '2022-11-28 21:15:29'),
(202, 21, 179017, 'P', '2021-02-15 18:32:58', '2017-10-01 09:05:47', '2022-11-28 21:15:29', '2022-11-28 21:15:29'),
(203, 21, 159308, 'V', '2015-06-30 23:35:37', NULL, '2022-11-28 21:15:29', '2022-11-28 21:15:29'),
(204, 21, 79851, 'V', '2016-05-09 15:22:41', NULL, '2022-11-28 21:15:29', '2022-11-28 21:15:29'),
(205, 21, 164104, 'V', '2017-03-04 18:23:56', NULL, '2022-11-28 21:15:29', '2022-11-28 21:15:29'),
(206, 21, 142577, 'P', '2015-06-06 15:34:47', '2016-04-07 20:51:18', '2022-11-28 21:15:29', '2022-11-28 21:15:29'),
(207, 21, 37208, 'P', '2014-01-28 18:09:44', '2022-05-05 07:56:03', '2022-11-28 21:15:29', '2022-11-28 21:15:29'),
(208, 21, 59425, 'B', '2021-05-27 06:10:15', NULL, '2022-11-28 21:15:29', '2022-11-28 21:15:29'),
(209, 21, 73384, 'P', '2019-07-02 09:24:59', '2015-03-14 09:45:42', '2022-11-28 21:15:29', '2022-11-28 21:15:29'),
(210, 21, 42675, 'V', '2016-06-05 20:21:58', NULL, '2022-11-28 21:15:29', '2022-11-28 21:15:29'),
(211, 22, 158144, 'V', '2020-05-18 02:33:58', NULL, '2022-11-28 21:15:29', '2022-11-28 21:15:29'),
(212, 22, 71047, 'V', '2015-10-21 05:15:42', NULL, '2022-11-28 21:15:29', '2022-11-28 21:15:29'),
(213, 22, 124637, 'V', '2021-02-25 07:31:46', NULL, '2022-11-28 21:15:29', '2022-11-28 21:15:29'),
(214, 22, 122919, 'B', '2019-02-15 20:29:06', NULL, '2022-11-28 21:15:29', '2022-11-28 21:15:29'),
(215, 22, 176898, 'B', '2022-11-07 01:21:11', NULL, '2022-11-28 21:15:29', '2022-11-28 21:15:29'),
(216, 22, 51835, 'P', '2016-08-02 14:44:35', '2016-01-09 04:39:34', '2022-11-28 21:15:29', '2022-11-28 21:15:29'),
(217, 22, 7773, 'B', '2014-05-25 03:51:57', NULL, '2022-11-28 21:15:29', '2022-11-28 21:15:29'),
(218, 22, 30997, 'B', '2020-04-26 04:35:17', NULL, '2022-11-28 21:15:29', '2022-11-28 21:15:29'),
(219, 22, 195480, 'B', '2014-04-15 07:39:31', NULL, '2022-11-28 21:15:29', '2022-11-28 21:15:29'),
(220, 22, 4082, 'P', '2015-04-30 22:55:50', '2019-06-17 00:07:37', '2022-11-28 21:15:29', '2022-11-28 21:15:29'),
(221, 23, 107795, 'V', '2019-09-07 11:19:22', NULL, '2022-11-28 21:15:29', '2022-11-28 21:15:29'),
(222, 23, 148176, 'V', '2014-03-29 19:23:02', NULL, '2022-11-28 21:15:29', '2022-11-28 21:15:29'),
(223, 23, 101744, 'V', '2015-06-30 09:45:37', NULL, '2022-11-28 21:15:29', '2022-11-28 21:15:29'),
(224, 23, 1886, 'B', '2020-01-28 21:44:46', NULL, '2022-11-28 21:15:29', '2022-11-28 21:15:29'),
(225, 23, 95760, 'V', '2014-09-09 14:24:38', NULL, '2022-11-28 21:15:29', '2022-11-28 21:15:29'),
(226, 23, 179694, 'V', '2012-12-25 12:23:52', NULL, '2022-11-28 21:15:29', '2022-11-28 21:15:29'),
(227, 23, 126911, 'P', '2020-09-12 06:06:51', '2021-03-07 02:25:32', '2022-11-28 21:15:29', '2022-11-28 21:15:29'),
(228, 23, 80383, 'B', '2014-11-07 16:22:24', NULL, '2022-11-28 21:15:29', '2022-11-28 21:15:29'),
(229, 23, 24428, 'P', '2015-08-01 01:09:05', '2015-10-09 23:37:30', '2022-11-28 21:15:29', '2022-11-28 21:15:29'),
(230, 23, 25314, 'P', '2014-05-17 18:35:16', '2016-04-06 01:59:13', '2022-11-28 21:15:29', '2022-11-28 21:15:29'),
(231, 24, 74835, 'B', '2015-08-25 12:28:44', NULL, '2022-11-28 21:15:29', '2022-11-28 21:15:29'),
(232, 24, 6473, 'P', '2018-10-05 01:43:42', '2021-07-29 09:43:51', '2022-11-28 21:15:29', '2022-11-28 21:15:29'),
(233, 24, 149412, 'B', '2015-05-04 04:44:09', NULL, '2022-11-28 21:15:29', '2022-11-28 21:15:29'),
(234, 24, 24705, 'P', '2014-06-15 20:20:03', '2018-05-19 19:30:58', '2022-11-28 21:15:29', '2022-11-28 21:15:29'),
(235, 24, 190035, 'P', '2019-04-09 14:58:19', '2022-05-04 00:05:28', '2022-11-28 21:15:29', '2022-11-28 21:15:29'),
(236, 24, 17123, 'P', '2013-08-08 04:46:32', '2014-10-01 16:10:43', '2022-11-28 21:15:29', '2022-11-28 21:15:29'),
(237, 24, 29200, 'V', '2014-04-27 22:47:09', NULL, '2022-11-28 21:15:29', '2022-11-28 21:15:29'),
(238, 24, 91734, 'B', '2022-09-16 08:30:00', NULL, '2022-11-28 21:15:29', '2022-11-28 21:15:29'),
(239, 24, 163970, 'B', '2022-07-29 11:43:23', NULL, '2022-11-28 21:15:29', '2022-11-28 21:15:29'),
(240, 24, 105344, 'B', '2013-08-25 09:24:39', NULL, '2022-11-28 21:15:29', '2022-11-28 21:15:29'),
(241, 25, 104397, 'P', '2020-03-18 01:10:43', '2021-09-01 08:44:42', '2022-11-28 21:15:29', '2022-11-28 21:15:29'),
(242, 25, 163695, 'B', '2019-08-21 10:01:16', NULL, '2022-11-28 21:15:29', '2022-11-28 21:15:29'),
(243, 25, 17408, 'B', '2014-06-30 14:48:10', NULL, '2022-11-28 21:15:29', '2022-11-28 21:15:29'),
(244, 25, 134465, 'B', '2019-10-31 21:49:02', NULL, '2022-11-28 21:15:29', '2022-11-28 21:15:29'),
(245, 25, 89823, 'B', '2017-03-11 04:20:27', NULL, '2022-11-28 21:15:29', '2022-11-28 21:15:29'),
(246, 25, 61317, 'V', '2018-01-23 16:11:40', NULL, '2022-11-28 21:15:29', '2022-11-28 21:15:29'),
(247, 25, 185198, 'V', '2019-04-30 14:11:33', NULL, '2022-11-28 21:15:29', '2022-11-28 21:15:29'),
(248, 25, 182575, 'B', '2014-01-16 18:08:17', NULL, '2022-11-28 21:15:29', '2022-11-28 21:15:29'),
(249, 25, 46816, 'P', '2022-06-23 22:46:31', '2021-04-15 09:57:16', '2022-11-28 21:15:29', '2022-11-28 21:15:29'),
(250, 25, 1307, 'P', '2014-03-02 23:48:01', '2016-04-22 05:20:00', '2022-11-28 21:15:29', '2022-11-28 21:15:29'),
(251, 26, 199879, 'V', '2019-11-13 12:30:27', NULL, '2022-11-28 21:15:29', '2022-11-28 21:15:29'),
(252, 26, 123956, 'V', '2021-02-24 01:40:28', NULL, '2022-11-28 21:15:29', '2022-11-28 21:15:29'),
(253, 26, 17027, 'V', '2013-08-24 21:59:21', NULL, '2022-11-28 21:15:29', '2022-11-28 21:15:29'),
(254, 26, 157099, 'P', '2018-02-12 02:46:35', '2018-12-08 23:46:58', '2022-11-28 21:15:29', '2022-11-28 21:15:29'),
(255, 26, 185507, 'V', '2013-10-01 16:24:11', NULL, '2022-11-28 21:15:29', '2022-11-28 21:15:29'),
(256, 27, 110743, 'B', '2022-01-26 11:01:29', NULL, '2022-11-28 21:15:29', '2022-11-28 21:15:29'),
(257, 27, 172249, 'V', '2018-06-08 13:42:10', NULL, '2022-11-28 21:15:29', '2022-11-28 21:15:29'),
(258, 27, 21807, 'P', '2019-05-18 09:12:53', '2017-07-06 20:53:17', '2022-11-28 21:15:29', '2022-11-28 21:15:29'),
(259, 27, 199969, 'B', '2017-11-01 07:36:39', NULL, '2022-11-28 21:15:29', '2022-11-28 21:15:29'),
(260, 27, 87704, 'B', '2015-02-18 15:04:43', NULL, '2022-11-28 21:15:29', '2022-11-28 21:15:29'),
(261, 28, 16209, 'B', '2016-07-06 22:58:25', NULL, '2022-11-28 21:15:29', '2022-11-28 21:15:29'),
(262, 28, 8094, 'P', '2018-02-12 18:17:52', '2021-10-24 19:34:35', '2022-11-28 21:15:29', '2022-11-28 21:15:29'),
(263, 28, 145090, 'P', '2019-07-13 23:00:13', '2013-11-04 05:17:53', '2022-11-28 21:15:29', '2022-11-28 21:15:29'),
(264, 28, 102749, 'P', '2014-03-08 20:31:05', '2016-10-27 23:36:48', '2022-11-28 21:15:29', '2022-11-28 21:15:29'),
(265, 28, 175235, 'V', '2014-10-07 02:02:17', NULL, '2022-11-28 21:15:29', '2022-11-28 21:15:29'),
(266, 29, 118048, 'V', '2014-07-29 21:48:39', NULL, '2022-11-28 21:15:29', '2022-11-28 21:15:29'),
(267, 29, 135616, 'P', '2016-06-10 08:44:28', '2014-11-14 09:42:02', '2022-11-28 21:15:29', '2022-11-28 21:15:29'),
(268, 29, 93718, 'V', '2019-05-23 20:43:57', NULL, '2022-11-28 21:15:29', '2022-11-28 21:15:29'),
(269, 29, 18351, 'B', '2014-03-26 22:27:40', NULL, '2022-11-28 21:15:29', '2022-11-28 21:15:29'),
(270, 29, 52761, 'B', '2016-09-02 11:57:33', NULL, '2022-11-28 21:15:29', '2022-11-28 21:15:29'),
(271, 30, 139897, 'V', '2021-09-23 12:47:15', NULL, '2022-11-28 21:15:29', '2022-11-28 21:15:29'),
(272, 30, 99806, 'P', '2020-10-20 12:01:53', '2016-12-06 08:23:00', '2022-11-28 21:15:29', '2022-11-28 21:15:29'),
(273, 30, 87203, 'V', '2020-09-02 01:26:01', NULL, '2022-11-28 21:15:29', '2022-11-28 21:15:29'),
(274, 30, 178515, 'B', '2015-12-17 04:15:29', NULL, '2022-11-28 21:15:29', '2022-11-28 21:15:29'),
(275, 30, 22514, 'B', '2018-01-18 22:20:27', NULL, '2022-11-28 21:15:29', '2022-11-28 21:15:29'),
(276, 31, 179961, 'P', '2014-08-11 20:12:32', '2015-11-13 05:30:27', '2022-11-28 21:15:29', '2022-11-28 21:15:29'),
(277, 31, 172114, 'B', '2013-10-22 13:33:48', NULL, '2022-11-28 21:15:29', '2022-11-28 21:15:29'),
(278, 31, 59939, 'V', '2017-02-24 16:26:34', NULL, '2022-11-28 21:15:29', '2022-11-28 21:15:29'),
(279, 31, 39341, 'P', '2017-06-23 22:55:10', '2018-02-11 20:06:55', '2022-11-28 21:15:29', '2022-11-28 21:15:29'),
(280, 31, 56530, 'B', '2016-05-26 19:54:12', NULL, '2022-11-28 21:15:29', '2022-11-28 21:15:29'),
(281, 32, 149447, 'P', '2022-11-09 11:39:24', '2015-12-27 09:04:07', '2022-11-28 21:15:29', '2022-11-28 21:15:29'),
(282, 32, 193401, 'B', '2020-06-28 02:43:04', NULL, '2022-11-28 21:15:29', '2022-11-28 21:15:29'),
(283, 32, 15875, 'P', '2018-07-04 12:39:53', '2014-07-25 14:00:52', '2022-11-28 21:15:29', '2022-11-28 21:15:29'),
(284, 32, 11175, 'V', '2016-06-15 04:52:04', NULL, '2022-11-28 21:15:29', '2022-11-28 21:15:29'),
(285, 32, 74225, 'B', '2020-05-06 05:22:23', NULL, '2022-11-28 21:15:29', '2022-11-28 21:15:29'),
(286, 33, 144088, 'P', '2013-12-01 20:41:25', '2014-04-10 13:46:21', '2022-11-28 21:15:29', '2022-11-28 21:15:29'),
(287, 33, 108305, 'V', '2012-12-27 03:32:57', NULL, '2022-11-28 21:15:29', '2022-11-28 21:15:29'),
(288, 33, 48229, 'V', '2018-05-25 14:45:49', NULL, '2022-11-28 21:15:29', '2022-11-28 21:15:29'),
(289, 33, 188000, 'V', '2022-02-21 13:27:24', NULL, '2022-11-28 21:15:29', '2022-11-28 21:15:29'),
(290, 33, 197778, 'V', '2017-02-06 04:06:40', NULL, '2022-11-28 21:15:29', '2022-11-28 21:15:29'),
(291, 34, 191247, 'P', '2014-03-12 07:02:43', '2017-07-02 21:09:48', '2022-11-28 21:15:29', '2022-11-28 21:15:29'),
(292, 34, 43536, 'B', '2020-03-31 01:43:37', NULL, '2022-11-28 21:15:29', '2022-11-28 21:15:29'),
(293, 34, 109351, 'B', '2018-11-23 07:53:43', NULL, '2022-11-28 21:15:29', '2022-11-28 21:15:29'),
(294, 34, 106203, 'P', '2014-09-30 16:59:07', '2015-07-19 05:17:13', '2022-11-28 21:15:29', '2022-11-28 21:15:29'),
(295, 34, 43720, 'B', '2015-10-12 12:23:31', NULL, '2022-11-28 21:15:29', '2022-11-28 21:15:29'),
(296, 35, 111976, 'B', '2019-09-14 18:01:50', NULL, '2022-11-28 21:15:29', '2022-11-28 21:15:29'),
(297, 35, 36636, 'V', '2014-01-06 00:42:54', NULL, '2022-11-28 21:15:29', '2022-11-28 21:15:29'),
(298, 35, 48222, 'V', '2020-05-03 08:56:14', NULL, '2022-11-28 21:15:29', '2022-11-28 21:15:29'),
(299, 35, 162098, 'B', '2016-05-02 04:56:58', NULL, '2022-11-28 21:15:29', '2022-11-28 21:15:29'),
(300, 35, 169216, 'V', '2013-01-05 14:21:01', NULL, '2022-11-28 21:15:29', '2022-11-28 21:15:29'),
(301, 36, 130372, 'V', '2019-12-31 05:09:48', NULL, '2022-11-28 21:15:29', '2022-11-28 21:15:29'),
(302, 36, 82702, 'V', '2017-06-16 12:47:01', NULL, '2022-11-28 21:15:29', '2022-11-28 21:15:29'),
(303, 36, 103743, 'B', '2021-05-18 13:14:22', NULL, '2022-11-28 21:15:29', '2022-11-28 21:15:29'),
(304, 36, 174239, 'P', '2019-01-31 13:37:32', '2014-03-17 12:38:07', '2022-11-28 21:15:29', '2022-11-28 21:15:29'),
(305, 36, 128034, 'P', '2013-11-30 17:33:08', '2016-10-15 14:44:01', '2022-11-28 21:15:29', '2022-11-28 21:15:29'),
(306, 37, 143693, 'P', '2022-01-03 09:51:50', '2014-06-20 21:19:49', '2022-11-28 21:15:29', '2022-11-28 21:15:29'),
(307, 37, 51209, 'B', '2015-11-17 18:15:59', NULL, '2022-11-28 21:15:29', '2022-11-28 21:15:29'),
(308, 37, 29167, 'V', '2013-07-12 12:12:32', NULL, '2022-11-28 21:15:29', '2022-11-28 21:15:29'),
(309, 37, 61986, 'B', '2013-05-19 11:03:54', NULL, '2022-11-28 21:15:29', '2022-11-28 21:15:29'),
(310, 37, 120351, 'V', '2016-06-19 06:45:23', NULL, '2022-11-28 21:15:29', '2022-11-28 21:15:29'),
(311, 38, 92115, 'P', '2017-01-02 02:10:46', '2020-06-17 09:22:32', '2022-11-28 21:15:29', '2022-11-28 21:15:29'),
(312, 38, 108517, 'B', '2013-04-22 06:53:56', NULL, '2022-11-28 21:15:29', '2022-11-28 21:15:29'),
(313, 38, 176661, 'V', '2014-03-06 01:20:50', NULL, '2022-11-28 21:15:29', '2022-11-28 21:15:29'),
(314, 38, 189247, 'B', '2015-06-24 13:24:03', NULL, '2022-11-28 21:15:29', '2022-11-28 21:15:29'),
(315, 38, 149103, 'B', '2022-09-24 03:58:25', NULL, '2022-11-28 21:15:29', '2022-11-28 21:15:29'),
(316, 39, 173603, 'B', '2019-08-15 22:24:50', NULL, '2022-11-28 21:15:29', '2022-11-28 21:15:29'),
(317, 39, 3154, 'V', '2014-12-01 04:22:08', NULL, '2022-11-28 21:15:29', '2022-11-28 21:15:29'),
(318, 39, 36659, 'V', '2013-02-09 10:49:30', NULL, '2022-11-28 21:15:29', '2022-11-28 21:15:29'),
(319, 39, 190716, 'P', '2017-07-26 21:26:20', '2020-11-30 16:16:06', '2022-11-28 21:15:29', '2022-11-28 21:15:29'),
(320, 39, 155240, 'B', '2020-10-09 20:18:32', NULL, '2022-11-28 21:15:29', '2022-11-28 21:15:29'),
(321, 40, 50720, 'P', '2018-03-12 03:16:30', '2012-12-20 17:19:13', '2022-11-28 21:15:29', '2022-11-28 21:15:29'),
(322, 40, 153115, 'P', '2021-04-13 18:39:08', '2014-03-28 02:38:46', '2022-11-28 21:15:29', '2022-11-28 21:15:29'),
(323, 40, 84542, 'B', '2014-10-23 13:36:34', NULL, '2022-11-28 21:15:29', '2022-11-28 21:15:29'),
(324, 40, 64249, 'V', '2016-09-09 07:42:33', NULL, '2022-11-28 21:15:29', '2022-11-28 21:15:29'),
(325, 40, 95304, 'P', '2021-07-31 12:03:16', '2020-05-24 23:46:00', '2022-11-28 21:15:29', '2022-11-28 21:15:29'),
(326, 41, 159731, 'B', '2022-04-29 07:16:15', NULL, '2022-11-28 21:15:29', '2022-11-28 21:15:29'),
(327, 41, 72427, 'B', '2020-11-22 04:29:57', NULL, '2022-11-28 21:15:29', '2022-11-28 21:15:29'),
(328, 41, 93755, 'B', '2017-07-04 03:01:05', NULL, '2022-11-28 21:15:29', '2022-11-28 21:15:29'),
(329, 41, 25554, 'B', '2015-04-23 17:59:23', NULL, '2022-11-28 21:15:29', '2022-11-28 21:15:29'),
(330, 41, 19302, 'V', '2018-11-14 10:35:44', NULL, '2022-11-28 21:15:29', '2022-11-28 21:15:29'),
(331, 42, 84954, 'P', '2016-02-26 12:01:45', '2018-02-08 14:47:21', '2022-11-28 21:15:29', '2022-11-28 21:15:29'),
(332, 42, 54097, 'P', '2019-12-10 03:44:29', '2021-03-08 03:26:11', '2022-11-28 21:15:29', '2022-11-28 21:15:29'),
(333, 42, 170669, 'V', '2015-09-05 05:48:27', NULL, '2022-11-28 21:15:29', '2022-11-28 21:15:29'),
(334, 42, 138399, 'P', '2021-07-23 23:48:48', '2016-12-12 21:02:35', '2022-11-28 21:15:29', '2022-11-28 21:15:29'),
(335, 42, 65132, 'P', '2016-04-09 12:10:20', '2020-05-25 09:02:03', '2022-11-28 21:15:29', '2022-11-28 21:15:29'),
(336, 43, 164182, 'B', '2018-12-25 07:38:36', NULL, '2022-11-28 21:15:29', '2022-11-28 21:15:29'),
(337, 43, 165487, 'B', '2015-03-08 10:57:00', NULL, '2022-11-28 21:15:29', '2022-11-28 21:15:29'),
(338, 43, 192915, 'P', '2013-01-19 14:53:18', '2016-03-17 16:59:13', '2022-11-28 21:15:29', '2022-11-28 21:15:29'),
(339, 43, 38890, 'P', '2019-08-10 01:40:49', '2016-09-18 15:35:14', '2022-11-28 21:15:29', '2022-11-28 21:15:29'),
(340, 43, 162382, 'V', '2015-07-19 09:39:42', NULL, '2022-11-28 21:15:29', '2022-11-28 21:15:29'),
(341, 44, 67619, 'P', '2020-08-10 18:30:23', '2021-05-07 12:20:34', '2022-11-28 21:15:29', '2022-11-28 21:15:29'),
(342, 44, 169370, 'V', '2015-10-15 01:06:51', NULL, '2022-11-28 21:15:29', '2022-11-28 21:15:29'),
(343, 44, 1776, 'V', '2013-02-18 18:04:51', NULL, '2022-11-28 21:15:29', '2022-11-28 21:15:29'),
(344, 44, 79017, 'P', '2014-07-05 18:55:10', '2021-09-19 05:58:07', '2022-11-28 21:15:29', '2022-11-28 21:15:29'),
(345, 44, 16627, 'V', '2014-05-03 18:28:23', NULL, '2022-11-28 21:15:29', '2022-11-28 21:15:29'),
(346, 45, 77783, 'B', '2020-02-10 10:09:24', NULL, '2022-11-28 21:15:29', '2022-11-28 21:15:29'),
(347, 45, 7877, 'V', '2020-09-23 21:01:57', NULL, '2022-11-28 21:15:29', '2022-11-28 21:15:29'),
(348, 45, 12922, 'P', '2014-06-05 07:20:11', '2021-07-12 21:48:28', '2022-11-28 21:15:29', '2022-11-28 21:15:29'),
(349, 45, 49660, 'V', '2022-08-08 15:24:51', NULL, '2022-11-28 21:15:29', '2022-11-28 21:15:29'),
(350, 45, 179508, 'B', '2015-11-26 16:34:09', NULL, '2022-11-28 21:15:29', '2022-11-28 21:15:29'),
(351, 46, 14505, 'V', '2022-09-10 02:07:11', NULL, '2022-11-28 21:15:29', '2022-11-28 21:15:29'),
(352, 46, 119399, 'V', '2015-07-22 03:05:24', NULL, '2022-11-28 21:15:29', '2022-11-28 21:15:29'),
(353, 46, 30848, 'V', '2016-08-23 12:33:42', NULL, '2022-11-28 21:15:29', '2022-11-28 21:15:29'),
(354, 46, 154755, 'P', '2020-10-30 09:11:30', '2015-01-17 20:57:21', '2022-11-28 21:15:29', '2022-11-28 21:15:29'),
(355, 46, 16930, 'V', '2017-01-02 18:45:37', NULL, '2022-11-28 21:15:29', '2022-11-28 21:15:29'),
(356, 47, 80605, 'V', '2021-05-30 06:34:39', NULL, '2022-11-28 21:15:29', '2022-11-28 21:15:29'),
(357, 47, 134775, 'V', '2017-10-03 01:06:44', NULL, '2022-11-28 21:15:29', '2022-11-28 21:15:29'),
(358, 47, 126055, 'B', '2017-05-31 10:44:38', NULL, '2022-11-28 21:15:29', '2022-11-28 21:15:29'),
(359, 47, 102315, 'V', '2017-12-10 04:58:38', NULL, '2022-11-28 21:15:29', '2022-11-28 21:15:29'),
(360, 47, 48332, 'P', '2019-07-07 04:07:15', '2020-04-25 19:49:07', '2022-11-28 21:15:29', '2022-11-28 21:15:29'),
(361, 48, 185724, 'V', '2013-02-28 10:31:54', NULL, '2022-11-28 21:15:29', '2022-11-28 21:15:29'),
(362, 48, 142579, 'V', '2017-12-09 18:29:35', NULL, '2022-11-28 21:15:29', '2022-11-28 21:15:29'),
(363, 48, 82815, 'V', '2015-03-14 08:54:08', NULL, '2022-11-28 21:15:29', '2022-11-28 21:15:29'),
(364, 48, 178732, 'P', '2012-12-21 06:24:50', '2015-07-12 20:13:44', '2022-11-28 21:15:29', '2022-11-28 21:15:29'),
(365, 48, 47868, 'V', '2021-12-20 14:09:42', NULL, '2022-11-28 21:15:29', '2022-11-28 21:15:29'),
(366, 49, 52708, 'V', '2013-12-16 22:59:04', NULL, '2022-11-28 21:15:29', '2022-11-28 21:15:29'),
(367, 49, 60521, 'P', '2015-06-08 21:38:34', '2018-05-07 19:30:10', '2022-11-28 21:15:29', '2022-11-28 21:15:29'),
(368, 49, 57352, 'P', '2015-09-28 16:22:42', '2019-09-27 13:50:35', '2022-11-28 21:15:29', '2022-11-28 21:15:29'),
(369, 49, 97002, 'V', '2014-01-27 01:01:49', NULL, '2022-11-28 21:15:29', '2022-11-28 21:15:29'),
(370, 49, 11825, 'B', '2013-12-07 01:54:18', NULL, '2022-11-28 21:15:29', '2022-11-28 21:15:29'),
(371, 50, 35081, 'B', '2020-02-14 10:14:04', NULL, '2022-11-28 21:15:29', '2022-11-28 21:15:29'),
(372, 50, 83132, 'V', '2014-05-09 03:26:35', NULL, '2022-11-28 21:15:29', '2022-11-28 21:15:29'),
(373, 50, 53710, 'P', '2021-06-19 03:21:06', '2015-01-11 02:56:35', '2022-11-28 21:15:29', '2022-11-28 21:15:29'),
(374, 50, 131674, 'B', '2017-12-25 11:10:34', NULL, '2022-11-28 21:15:29', '2022-11-28 21:15:29'),
(375, 50, 110895, 'P', '2014-08-31 01:22:13', '2019-11-01 12:54:39', '2022-11-28 21:15:29', '2022-11-28 21:15:29'),
(376, 51, 5508, 'V', '2017-09-21 20:24:57', NULL, '2022-11-28 21:15:29', '2022-11-28 21:15:29'),
(377, 51, 82446, 'V', '2020-09-14 22:02:46', NULL, '2022-11-28 21:15:29', '2022-11-28 21:15:29'),
(378, 51, 13751, 'B', '2017-11-21 10:01:28', NULL, '2022-11-28 21:15:29', '2022-11-28 21:15:29'),
(379, 51, 110910, 'B', '2015-03-25 00:23:20', NULL, '2022-11-28 21:15:29', '2022-11-28 21:15:29'),
(380, 51, 31685, 'P', '2019-09-18 17:58:53', '2017-04-07 14:45:09', '2022-11-28 21:15:29', '2022-11-28 21:15:29'),
(381, 52, 20126, 'B', '2021-04-09 09:22:54', NULL, '2022-11-28 21:15:29', '2022-11-28 21:15:29'),
(382, 52, 137321, 'V', '2015-03-13 04:34:49', NULL, '2022-11-28 21:15:29', '2022-11-28 21:15:29'),
(383, 52, 104460, 'P', '2019-04-13 14:16:29', '2021-11-01 10:48:24', '2022-11-28 21:15:29', '2022-11-28 21:15:29'),
(384, 52, 4016, 'B', '2022-07-01 03:44:29', NULL, '2022-11-28 21:15:29', '2022-11-28 21:15:29'),
(385, 52, 135959, 'V', '2018-11-02 08:39:29', NULL, '2022-11-28 21:15:29', '2022-11-28 21:15:29'),
(386, 53, 132218, 'V', '2017-01-28 09:44:30', NULL, '2022-11-28 21:15:29', '2022-11-28 21:15:29'),
(387, 53, 181162, 'P', '2014-06-26 20:31:03', '2019-09-15 21:53:30', '2022-11-28 21:15:29', '2022-11-28 21:15:29'),
(388, 53, 121314, 'P', '2020-12-18 09:13:09', '2015-12-17 04:51:59', '2022-11-28 21:15:29', '2022-11-28 21:15:29'),
(389, 53, 6542, 'V', '2016-10-11 14:47:26', NULL, '2022-11-28 21:15:29', '2022-11-28 21:15:29'),
(390, 53, 26327, 'P', '2018-05-25 19:59:57', '2019-10-25 20:12:36', '2022-11-28 21:15:29', '2022-11-28 21:15:29'),
(391, 54, 28027, 'B', '2020-04-26 21:25:27', NULL, '2022-11-28 21:15:29', '2022-11-28 21:15:29'),
(392, 54, 76167, 'V', '2022-02-12 07:59:03', NULL, '2022-11-28 21:15:29', '2022-11-28 21:15:29'),
(393, 54, 46544, 'V', '2020-04-27 19:22:52', NULL, '2022-11-28 21:15:29', '2022-11-28 21:15:29'),
(394, 54, 27036, 'B', '2017-07-19 05:02:36', NULL, '2022-11-28 21:15:29', '2022-11-28 21:15:29'),
(395, 54, 174771, 'P', '2020-02-12 05:24:57', '2022-05-28 12:11:10', '2022-11-28 21:15:29', '2022-11-28 21:15:29'),
(396, 55, 187252, 'B', '2012-12-30 01:00:41', NULL, '2022-11-28 21:15:29', '2022-11-28 21:15:29'),
(397, 55, 120463, 'V', '2021-11-03 11:18:59', NULL, '2022-11-28 21:15:29', '2022-11-28 21:15:29'),
(398, 55, 65920, 'V', '2016-11-01 03:37:08', NULL, '2022-11-28 21:15:29', '2022-11-28 21:15:29'),
(399, 55, 98080, 'B', '2017-10-23 20:20:23', NULL, '2022-11-28 21:15:29', '2022-11-28 21:15:29'),
(400, 55, 50323, 'P', '2014-03-09 03:45:38', '2020-03-02 19:32:57', '2022-11-28 21:15:29', '2022-11-28 21:15:29'),
(401, 56, 145547, 'V', '2013-10-16 13:25:37', NULL, '2022-11-28 21:15:29', '2022-11-28 21:15:29'),
(402, 56, 147298, 'B', '2017-01-17 07:22:45', NULL, '2022-11-28 21:15:29', '2022-11-28 21:15:29'),
(403, 56, 66905, 'V', '2014-09-05 12:07:16', NULL, '2022-11-28 21:15:29', '2022-11-28 21:15:29'),
(404, 56, 170291, 'B', '2022-09-23 14:27:04', NULL, '2022-11-28 21:15:29', '2022-11-28 21:15:29'),
(405, 56, 40001, 'B', '2015-09-18 20:07:25', NULL, '2022-11-28 21:15:29', '2022-11-28 21:15:29'),
(406, 57, 28801, 'V', '2013-06-16 10:52:14', NULL, '2022-11-28 21:15:29', '2022-11-28 21:15:29'),
(407, 57, 33059, 'P', '2018-10-30 18:58:26', '2018-04-28 04:50:56', '2022-11-28 21:15:29', '2022-11-28 21:15:29'),
(408, 57, 112145, 'V', '2018-02-10 03:38:56', NULL, '2022-11-28 21:15:29', '2022-11-28 21:15:29'),
(409, 57, 6813, 'V', '2019-12-17 19:58:40', NULL, '2022-11-28 21:15:29', '2022-11-28 21:15:29'),
(410, 57, 68308, 'V', '2017-02-23 02:35:46', NULL, '2022-11-28 21:15:29', '2022-11-28 21:15:29'),
(411, 58, 192, 'B', '2014-06-28 23:25:34', NULL, '2022-11-28 21:15:29', '2022-11-28 21:15:29'),
(412, 58, 96265, 'B', '2013-04-04 19:31:36', NULL, '2022-11-28 21:15:29', '2022-11-28 21:15:29'),
(413, 58, 143026, 'B', '2022-01-15 06:58:32', NULL, '2022-11-28 21:15:29', '2022-11-28 21:15:29'),
(414, 58, 37449, 'P', '2014-09-01 13:39:56', '2013-03-29 01:34:28', '2022-11-28 21:15:29', '2022-11-28 21:15:29'),
(415, 58, 18729, 'B', '2018-02-11 13:39:31', NULL, '2022-11-28 21:15:29', '2022-11-28 21:15:29'),
(416, 59, 126941, 'B', '2020-09-23 01:20:08', NULL, '2022-11-28 21:15:29', '2022-11-28 21:15:29'),
(417, 59, 107088, 'B', '2016-07-06 20:08:05', NULL, '2022-11-28 21:15:29', '2022-11-28 21:15:29'),
(418, 59, 77478, 'B', '2013-12-14 04:14:40', NULL, '2022-11-28 21:15:29', '2022-11-28 21:15:29'),
(419, 59, 195333, 'V', '2019-11-03 16:16:29', NULL, '2022-11-28 21:15:29', '2022-11-28 21:15:29'),
(420, 59, 25282, 'P', '2014-05-21 01:09:07', '2014-12-02 02:27:55', '2022-11-28 21:15:29', '2022-11-28 21:15:29'),
(421, 60, 176406, 'B', '2015-10-20 08:22:49', NULL, '2022-11-28 21:15:29', '2022-11-28 21:15:29'),
(422, 60, 192812, 'P', '2022-09-22 01:03:09', '2016-06-12 09:52:46', '2022-11-28 21:15:29', '2022-11-28 21:15:29'),
(423, 60, 46229, 'B', '2021-10-03 04:00:22', NULL, '2022-11-28 21:15:29', '2022-11-28 21:15:29'),
(424, 60, 142062, 'B', '2018-07-07 19:43:16', NULL, '2022-11-28 21:15:29', '2022-11-28 21:15:29'),
(425, 60, 144418, 'V', '2020-12-25 10:00:50', NULL, '2022-11-28 21:15:29', '2022-11-28 21:15:29'),
(426, 61, 9906, 'V', '2020-09-16 13:25:59', NULL, '2022-11-28 21:15:29', '2022-11-28 21:15:29'),
(427, 61, 136361, 'V', '2018-05-10 01:26:57', NULL, '2022-11-28 21:15:29', '2022-11-28 21:15:29'),
(428, 61, 71025, 'P', '2013-08-15 15:05:24', '2019-04-12 19:21:47', '2022-11-28 21:15:29', '2022-11-28 21:15:29'),
(429, 61, 175371, 'B', '2015-06-10 05:31:05', NULL, '2022-11-28 21:15:29', '2022-11-28 21:15:29'),
(430, 61, 137087, 'B', '2018-10-04 13:36:03', NULL, '2022-11-28 21:15:29', '2022-11-28 21:15:29'),
(431, 62, 123008, 'V', '2021-04-13 06:05:22', NULL, '2022-11-28 21:15:29', '2022-11-28 21:15:29'),
(432, 62, 167334, 'B', '2021-12-09 07:51:51', NULL, '2022-11-28 21:15:29', '2022-11-28 21:15:29'),
(433, 62, 53015, 'P', '2022-05-26 12:17:38', '2020-04-07 22:45:46', '2022-11-28 21:15:29', '2022-11-28 21:15:29'),
(434, 62, 44788, 'V', '2013-08-19 01:59:40', NULL, '2022-11-28 21:15:29', '2022-11-28 21:15:29'),
(435, 62, 10504, 'B', '2014-08-30 08:02:09', NULL, '2022-11-28 21:15:29', '2022-11-28 21:15:29'),
(436, 63, 32503, 'V', '2018-04-10 06:09:04', NULL, '2022-11-28 21:15:29', '2022-11-28 21:15:29'),
(437, 63, 74717, 'V', '2016-06-21 08:40:23', NULL, '2022-11-28 21:15:29', '2022-11-28 21:15:29'),
(438, 63, 16701, 'V', '2013-01-29 10:05:18', NULL, '2022-11-28 21:15:29', '2022-11-28 21:15:29'),
(439, 63, 58801, 'P', '2018-04-04 02:31:55', '2013-10-06 20:44:04', '2022-11-28 21:15:29', '2022-11-28 21:15:29'),
(440, 63, 64881, 'V', '2018-10-23 02:06:59', NULL, '2022-11-28 21:15:29', '2022-11-28 21:15:29'),
(441, 64, 191294, 'V', '2021-11-15 19:58:16', NULL, '2022-11-28 21:15:29', '2022-11-28 21:15:29'),
(442, 64, 101851, 'P', '2015-08-20 22:18:30', '2020-05-14 00:09:11', '2022-11-28 21:15:29', '2022-11-28 21:15:29'),
(443, 64, 51958, 'V', '2021-11-22 17:45:10', NULL, '2022-11-28 21:15:29', '2022-11-28 21:15:29'),
(444, 64, 55268, 'V', '2021-03-01 00:03:37', NULL, '2022-11-28 21:15:29', '2022-11-28 21:15:29'),
(445, 64, 100711, 'V', '2012-12-30 11:05:37', NULL, '2022-11-28 21:15:29', '2022-11-28 21:15:29'),
(446, 65, 97249, 'V', '2014-12-14 23:04:59', NULL, '2022-11-28 21:15:29', '2022-11-28 21:15:29'),
(447, 65, 58732, 'B', '2017-03-06 15:16:54', NULL, '2022-11-28 21:15:29', '2022-11-28 21:15:29'),
(448, 65, 75515, 'P', '2013-04-26 18:56:33', '2017-03-26 09:25:36', '2022-11-28 21:15:29', '2022-11-28 21:15:29'),
(449, 65, 155387, 'V', '2014-09-01 05:17:59', NULL, '2022-11-28 21:15:29', '2022-11-28 21:15:29'),
(450, 65, 127955, 'B', '2020-04-18 23:52:37', NULL, '2022-11-28 21:15:29', '2022-11-28 21:15:29'),
(451, 66, 91001, 'B', '2013-05-17 09:51:05', NULL, '2022-11-28 21:15:29', '2022-11-28 21:15:29'),
(452, 66, 22036, 'P', '2015-03-22 07:29:11', '2020-01-11 14:47:06', '2022-11-28 21:15:29', '2022-11-28 21:15:29'),
(453, 66, 166497, 'B', '2019-05-06 13:25:59', NULL, '2022-11-28 21:15:29', '2022-11-28 21:15:29'),
(454, 66, 59248, 'V', '2020-02-02 09:38:55', NULL, '2022-11-28 21:15:29', '2022-11-28 21:15:29'),
(455, 66, 69821, 'P', '2014-03-07 03:48:26', '2020-07-13 14:20:01', '2022-11-28 21:15:29', '2022-11-28 21:15:29'),
(456, 67, 120406, 'B', '2013-07-08 20:33:10', NULL, '2022-11-28 21:15:29', '2022-11-28 21:15:29'),
(457, 67, 184924, 'B', '2013-04-19 11:14:39', NULL, '2022-11-28 21:15:29', '2022-11-28 21:15:29'),
(458, 67, 14917, 'P', '2013-04-29 23:49:27', '2016-05-18 11:28:03', '2022-11-28 21:15:29', '2022-11-28 21:15:29'),
(459, 67, 73304, 'P', '2017-01-13 12:44:30', '2015-11-07 21:44:49', '2022-11-28 21:15:29', '2022-11-28 21:15:29'),
(460, 67, 139552, 'V', '2013-07-19 00:24:52', NULL, '2022-11-28 21:15:29', '2022-11-28 21:15:29'),
(461, 68, 82325, 'B', '2020-12-07 16:25:19', NULL, '2022-11-28 21:15:29', '2022-11-28 21:15:29'),
(462, 68, 128338, 'B', '2022-02-28 17:34:05', NULL, '2022-11-28 21:15:29', '2022-11-28 21:15:29'),
(463, 68, 107928, 'B', '2019-02-05 21:00:28', NULL, '2022-11-28 21:15:29', '2022-11-28 21:15:29'),
(464, 68, 88101, 'B', '2013-11-22 10:01:54', NULL, '2022-11-28 21:15:29', '2022-11-28 21:15:29'),
(465, 68, 80070, 'B', '2015-12-01 22:52:50', NULL, '2022-11-28 21:15:29', '2022-11-28 21:15:29'),
(466, 69, 19773, 'V', '2016-02-12 05:52:00', NULL, '2022-11-28 21:15:30', '2022-11-28 21:15:30'),
(467, 69, 38753, 'V', '2014-08-06 20:05:42', NULL, '2022-11-28 21:15:30', '2022-11-28 21:15:30'),
(468, 69, 90687, 'V', '2019-07-30 01:03:01', NULL, '2022-11-28 21:15:30', '2022-11-28 21:15:30'),
(469, 69, 145521, 'V', '2019-08-01 19:00:00', NULL, '2022-11-28 21:15:30', '2022-11-28 21:15:30'),
(470, 69, 13717, 'P', '2018-05-28 07:08:54', '2017-01-15 23:45:06', '2022-11-28 21:15:30', '2022-11-28 21:15:30'),
(471, 70, 43503, 'B', '2018-12-25 09:32:14', NULL, '2022-11-28 21:15:30', '2022-11-28 21:15:30'),
(472, 70, 144243, 'P', '2019-08-21 01:38:23', '2019-06-19 21:35:39', '2022-11-28 21:15:30', '2022-11-28 21:15:30'),
(473, 70, 59457, 'P', '2020-10-10 06:30:01', '2020-06-07 21:09:09', '2022-11-28 21:15:30', '2022-11-28 21:15:30'),
(474, 70, 11356, 'V', '2014-01-18 00:18:50', NULL, '2022-11-28 21:15:30', '2022-11-28 21:15:30'),
(475, 70, 116306, 'V', '2017-06-17 20:46:49', NULL, '2022-11-28 21:15:30', '2022-11-28 21:15:30'),
(476, 71, 8493, 'P', '2021-08-20 23:48:42', '2017-08-26 19:26:11', '2022-11-28 21:15:30', '2022-11-28 21:15:30'),
(477, 71, 85790, 'V', '2015-09-01 17:40:35', NULL, '2022-11-28 21:15:30', '2022-11-28 21:15:30'),
(478, 71, 61211, 'B', '2018-04-15 17:52:31', NULL, '2022-11-28 21:15:30', '2022-11-28 21:15:30'),
(479, 71, 73016, 'B', '2016-11-22 15:11:36', NULL, '2022-11-28 21:15:30', '2022-11-28 21:15:30'),
(480, 71, 175919, 'P', '2015-01-09 08:03:49', '2020-01-15 14:48:55', '2022-11-28 21:15:30', '2022-11-28 21:15:30'),
(481, 72, 58219, 'B', '2015-08-12 21:14:57', NULL, '2022-11-28 21:15:30', '2022-11-28 21:15:30'),
(482, 72, 90614, 'P', '2021-05-02 05:14:29', '2021-12-26 17:11:09', '2022-11-28 21:15:30', '2022-11-28 21:15:30'),
(483, 72, 129831, 'P', '2016-04-17 06:37:02', '2021-11-22 20:34:05', '2022-11-28 21:15:30', '2022-11-28 21:15:30'),
(484, 72, 139479, 'B', '2018-08-31 12:53:51', NULL, '2022-11-28 21:15:30', '2022-11-28 21:15:30'),
(485, 72, 57712, 'B', '2016-07-20 14:19:55', NULL, '2022-11-28 21:15:30', '2022-11-28 21:15:30'),
(486, 73, 12291, 'V', '2017-10-01 03:25:54', NULL, '2022-11-28 21:15:30', '2022-11-28 21:15:30'),
(487, 73, 97080, 'B', '2018-10-16 19:39:00', NULL, '2022-11-28 21:15:30', '2022-11-28 21:15:30'),
(488, 73, 8179, 'P', '2022-07-09 16:38:39', '2022-08-11 10:40:46', '2022-11-28 21:15:30', '2022-11-28 21:15:30'),
(489, 73, 165748, 'V', '2018-11-29 13:39:17', NULL, '2022-11-28 21:15:30', '2022-11-28 21:15:30'),
(490, 73, 57643, 'P', '2018-07-19 00:13:33', '2022-03-21 14:11:55', '2022-11-28 21:15:30', '2022-11-28 21:15:30'),
(491, 74, 33180, 'V', '2019-06-30 14:32:29', NULL, '2022-11-28 21:15:30', '2022-11-28 21:15:30'),
(492, 74, 63431, 'P', '2013-08-18 01:00:44', '2014-08-28 12:48:13', '2022-11-28 21:15:30', '2022-11-28 21:15:30');
INSERT INTO `invoices` (`id`, `customer_id`, `amount`, `status`, `billed_date`, `paid_date`, `created_at`, `updated_at`) VALUES
(493, 74, 32146, 'P', '2019-02-10 04:57:14', '2013-05-08 12:09:59', '2022-11-28 21:15:30', '2022-11-28 21:15:30'),
(494, 74, 32891, 'V', '2020-03-16 02:44:11', NULL, '2022-11-28 21:15:30', '2022-11-28 21:15:30'),
(495, 74, 85048, 'B', '2020-03-16 00:41:23', NULL, '2022-11-28 21:15:30', '2022-11-28 21:15:30'),
(496, 75, 107577, 'P', '2021-03-29 02:25:06', '2013-12-09 14:14:16', '2022-11-28 21:15:30', '2022-11-28 21:15:30'),
(497, 75, 172970, 'V', '2016-07-07 20:33:07', NULL, '2022-11-28 21:15:30', '2022-11-28 21:15:30'),
(498, 75, 120113, 'V', '2015-07-13 01:53:22', NULL, '2022-11-28 21:15:30', '2022-11-28 21:15:30'),
(499, 75, 144121, 'V', '2015-05-13 20:19:28', NULL, '2022-11-28 21:15:30', '2022-11-28 21:15:30'),
(500, 75, 92805, 'V', '2013-06-24 03:46:02', NULL, '2022-11-28 21:15:30', '2022-11-28 21:15:30'),
(501, 76, 190203, 'B', '2013-11-02 09:47:08', NULL, '2022-11-28 21:15:30', '2022-11-28 21:15:30'),
(502, 76, 95683, 'P', '2020-07-17 03:55:11', '2022-06-23 00:03:27', '2022-11-28 21:15:30', '2022-11-28 21:15:30'),
(503, 76, 56818, 'P', '2013-12-09 06:54:36', '2018-12-18 23:05:18', '2022-11-28 21:15:30', '2022-11-28 21:15:30'),
(504, 76, 131450, 'P', '2021-03-23 13:56:07', '2017-09-25 06:44:40', '2022-11-28 21:15:30', '2022-11-28 21:15:30'),
(505, 76, 79557, 'B', '2019-09-07 16:09:27', NULL, '2022-11-28 21:15:30', '2022-11-28 21:15:30'),
(506, 77, 84743, 'P', '2019-09-13 19:18:08', '2018-01-24 05:41:11', '2022-11-28 21:15:30', '2022-11-28 21:15:30'),
(507, 77, 50287, 'V', '2018-10-28 04:20:47', NULL, '2022-11-28 21:15:30', '2022-11-28 21:15:30'),
(508, 77, 5641, 'P', '2021-09-15 14:37:11', '2012-12-19 17:00:37', '2022-11-28 21:15:30', '2022-11-28 21:15:30'),
(509, 77, 120101, 'P', '2014-04-27 22:19:06', '2014-10-23 06:16:28', '2022-11-28 21:15:30', '2022-11-28 21:15:30'),
(510, 77, 143992, 'B', '2020-08-13 05:49:03', NULL, '2022-11-28 21:15:30', '2022-11-28 21:15:30'),
(511, 78, 137026, 'P', '2014-03-21 12:11:58', '2017-05-10 04:20:31', '2022-11-28 21:15:30', '2022-11-28 21:15:30'),
(512, 78, 171274, 'P', '2015-08-16 23:53:20', '2016-12-20 05:06:01', '2022-11-28 21:15:30', '2022-11-28 21:15:30'),
(513, 78, 185547, 'B', '2016-09-24 11:10:30', NULL, '2022-11-28 21:15:30', '2022-11-28 21:15:30'),
(514, 78, 158282, 'V', '2022-05-10 04:15:40', NULL, '2022-11-28 21:15:30', '2022-11-28 21:15:30'),
(515, 78, 87875, 'V', '2021-04-13 21:29:13', NULL, '2022-11-28 21:15:30', '2022-11-28 21:15:30'),
(516, 79, 118228, 'B', '2018-11-26 06:04:15', NULL, '2022-11-28 21:15:30', '2022-11-28 21:15:30'),
(517, 79, 155781, 'V', '2012-12-06 04:32:07', NULL, '2022-11-28 21:15:30', '2022-11-28 21:15:30'),
(518, 79, 23552, 'B', '2017-05-30 02:26:31', NULL, '2022-11-28 21:15:30', '2022-11-28 21:15:30'),
(519, 79, 107372, 'B', '2015-03-11 05:16:16', NULL, '2022-11-28 21:15:30', '2022-11-28 21:15:30'),
(520, 79, 117004, 'P', '2014-12-06 15:59:05', '2022-07-08 16:39:27', '2022-11-28 21:15:30', '2022-11-28 21:15:30'),
(521, 80, 109210, 'B', '2017-09-03 17:53:32', NULL, '2022-11-28 21:15:30', '2022-11-28 21:15:30'),
(522, 80, 119237, 'V', '2013-03-12 19:01:06', NULL, '2022-11-28 21:15:30', '2022-11-28 21:15:30'),
(523, 80, 162645, 'P', '2019-04-20 15:31:37', '2015-10-09 00:05:41', '2022-11-28 21:15:30', '2022-11-28 21:15:30'),
(524, 80, 197742, 'B', '2017-10-26 16:57:25', NULL, '2022-11-28 21:15:30', '2022-11-28 21:15:30'),
(525, 80, 21140, 'V', '2017-11-13 16:07:37', NULL, '2022-11-28 21:15:30', '2022-11-28 21:15:30'),
(526, 81, 18470, 'B', '2014-10-15 23:18:36', NULL, '2022-11-28 21:15:30', '2022-11-28 21:15:30'),
(527, 81, 78241, 'P', '2016-07-01 19:28:27', '2016-07-23 18:54:26', '2022-11-28 21:15:30', '2022-11-28 21:15:30'),
(528, 81, 93211, 'P', '2017-01-07 02:00:38', '2019-07-18 15:08:30', '2022-11-28 21:15:30', '2022-11-28 21:15:30'),
(529, 81, 13451, 'B', '2017-08-30 15:16:04', NULL, '2022-11-28 21:15:30', '2022-11-28 21:15:30'),
(530, 81, 152097, 'P', '2017-08-03 17:43:49', '2017-06-28 11:26:08', '2022-11-28 21:15:30', '2022-11-28 21:15:30'),
(531, 82, 37711, 'B', '2013-09-25 08:51:12', NULL, '2022-11-28 21:15:30', '2022-11-28 21:15:30'),
(532, 82, 56574, 'V', '2014-03-04 03:07:43', NULL, '2022-11-28 21:15:30', '2022-11-28 21:15:30'),
(533, 82, 61076, 'B', '2014-11-07 12:32:07', NULL, '2022-11-28 21:15:30', '2022-11-28 21:15:30'),
(534, 82, 23515, 'P', '2019-04-14 11:48:28', '2020-02-01 03:38:18', '2022-11-28 21:15:30', '2022-11-28 21:15:30'),
(535, 82, 91784, 'P', '2014-03-06 12:29:56', '2015-05-08 20:13:44', '2022-11-28 21:15:30', '2022-11-28 21:15:30'),
(536, 83, 1370, 'V', '2013-05-21 21:31:18', NULL, '2022-11-28 21:15:30', '2022-11-28 21:15:30'),
(537, 83, 146633, 'P', '2018-05-09 17:41:06', '2016-11-10 11:30:10', '2022-11-28 21:15:30', '2022-11-28 21:15:30'),
(538, 83, 188073, 'V', '2018-09-01 05:16:36', NULL, '2022-11-28 21:15:30', '2022-11-28 21:15:30'),
(539, 83, 22133, 'V', '2019-06-30 02:47:19', NULL, '2022-11-28 21:15:30', '2022-11-28 21:15:30'),
(540, 83, 164497, 'P', '2015-09-28 00:14:20', '2013-09-11 17:25:40', '2022-11-28 21:15:30', '2022-11-28 21:15:30'),
(541, 84, 91756, 'B', '2018-08-10 17:35:45', NULL, '2022-11-28 21:15:30', '2022-11-28 21:15:30'),
(542, 84, 90764, 'P', '2017-10-10 19:33:49', '2020-02-02 04:36:53', '2022-11-28 21:15:30', '2022-11-28 21:15:30'),
(543, 84, 118169, 'P', '2017-03-11 08:16:36', '2020-05-04 18:56:02', '2022-11-28 21:15:30', '2022-11-28 21:15:30'),
(544, 84, 103506, 'V', '2014-07-03 02:33:54', NULL, '2022-11-28 21:15:30', '2022-11-28 21:15:30'),
(545, 84, 23628, 'B', '2018-12-04 23:44:57', NULL, '2022-11-28 21:15:30', '2022-11-28 21:15:30'),
(546, 85, 70256, 'V', '2015-12-12 15:10:00', NULL, '2022-11-28 21:15:30', '2022-11-28 21:15:30'),
(547, 85, 66581, 'B', '2015-12-25 13:02:02', NULL, '2022-11-28 21:15:30', '2022-11-28 21:15:30'),
(548, 85, 185561, 'P', '2020-09-26 21:20:34', '2022-09-21 07:53:56', '2022-11-28 21:15:30', '2022-11-28 21:15:30'),
(549, 85, 14431, 'B', '2018-10-25 22:25:10', NULL, '2022-11-28 21:15:30', '2022-11-28 21:15:30'),
(550, 85, 146490, 'V', '2021-03-02 17:02:58', NULL, '2022-11-28 21:15:30', '2022-11-28 21:15:30'),
(551, 86, 187626, 'P', '2018-04-13 14:56:59', '2016-09-23 16:50:55', '2022-11-28 21:15:30', '2022-11-28 21:15:30'),
(552, 86, 120708, 'B', '2021-11-19 01:39:35', NULL, '2022-11-28 21:15:30', '2022-11-28 21:15:30'),
(553, 86, 51606, 'V', '2013-02-07 15:50:53', NULL, '2022-11-28 21:15:30', '2022-11-28 21:15:30'),
(554, 86, 7903, 'V', '2017-05-04 12:52:01', NULL, '2022-11-28 21:15:30', '2022-11-28 21:15:30'),
(555, 86, 68499, 'P', '2022-10-19 21:34:55', '2019-04-22 05:40:32', '2022-11-28 21:15:30', '2022-11-28 21:15:30'),
(556, 87, 154738, 'B', '2014-08-13 21:23:09', NULL, '2022-11-28 21:15:30', '2022-11-28 21:15:30'),
(557, 87, 34855, 'V', '2020-06-13 13:37:55', NULL, '2022-11-28 21:15:30', '2022-11-28 21:15:30'),
(558, 87, 107840, 'B', '2021-10-28 14:44:56', NULL, '2022-11-28 21:15:30', '2022-11-28 21:15:30'),
(559, 87, 93812, 'B', '2020-11-21 06:56:52', NULL, '2022-11-28 21:15:30', '2022-11-28 21:15:30'),
(560, 87, 163258, 'P', '2017-02-11 07:11:18', '2019-04-01 09:04:00', '2022-11-28 21:15:30', '2022-11-28 21:15:30'),
(561, 88, 72237, 'B', '2016-12-19 14:10:14', NULL, '2022-11-28 21:15:30', '2022-11-28 21:15:30'),
(562, 88, 173288, 'V', '2016-12-09 23:36:00', NULL, '2022-11-28 21:15:30', '2022-11-28 21:15:30'),
(563, 88, 114918, 'B', '2016-07-25 02:20:53', NULL, '2022-11-28 21:15:30', '2022-11-28 21:15:30'),
(564, 88, 40930, 'B', '2019-08-14 14:07:51', NULL, '2022-11-28 21:15:30', '2022-11-28 21:15:30'),
(565, 88, 42039, 'B', '2016-10-07 16:46:40', NULL, '2022-11-28 21:15:30', '2022-11-28 21:15:30'),
(566, 89, 158998, 'P', '2017-02-06 09:08:05', '2017-02-28 12:50:13', '2022-11-28 21:15:30', '2022-11-28 21:15:30'),
(567, 89, 103924, 'B', '2017-09-22 03:20:52', NULL, '2022-11-28 21:15:30', '2022-11-28 21:15:30'),
(568, 89, 81070, 'B', '2016-07-16 09:50:26', NULL, '2022-11-28 21:15:30', '2022-11-28 21:15:30'),
(569, 89, 141878, 'P', '2014-07-04 09:20:41', '2016-07-02 23:20:04', '2022-11-28 21:15:30', '2022-11-28 21:15:30'),
(570, 89, 172629, 'B', '2020-01-11 01:08:40', NULL, '2022-11-28 21:15:30', '2022-11-28 21:15:30'),
(571, 90, 145722, 'B', '2016-03-08 01:15:35', NULL, '2022-11-28 21:15:30', '2022-11-28 21:15:30'),
(572, 90, 66561, 'V', '2014-11-11 13:16:15', NULL, '2022-11-28 21:15:30', '2022-11-28 21:15:30'),
(573, 90, 14893, 'V', '2017-03-25 04:21:09', NULL, '2022-11-28 21:15:30', '2022-11-28 21:15:30'),
(574, 90, 183129, 'B', '2019-03-30 16:02:22', NULL, '2022-11-28 21:15:30', '2022-11-28 21:15:30'),
(575, 90, 59151, 'B', '2014-10-28 16:04:22', NULL, '2022-11-28 21:15:30', '2022-11-28 21:15:30'),
(576, 91, 124955, 'V', '2013-05-29 08:34:26', NULL, '2022-11-28 21:15:30', '2022-11-28 21:15:30'),
(577, 91, 180634, 'V', '2021-02-06 23:49:23', NULL, '2022-11-28 21:15:30', '2022-11-28 21:15:30'),
(578, 91, 38549, 'P', '2016-01-03 01:26:13', '2019-03-12 23:43:16', '2022-11-28 21:15:30', '2022-11-28 21:15:30'),
(579, 91, 92578, 'V', '2016-11-30 07:03:49', NULL, '2022-11-28 21:15:30', '2022-11-28 21:15:30'),
(580, 91, 132961, 'V', '2013-01-30 03:17:58', NULL, '2022-11-28 21:15:30', '2022-11-28 21:15:30'),
(581, 92, 155960, 'V', '2014-01-04 08:05:45', NULL, '2022-11-28 21:15:30', '2022-11-28 21:15:30'),
(582, 92, 186078, 'B', '2016-06-18 18:56:08', NULL, '2022-11-28 21:15:30', '2022-11-28 21:15:30'),
(583, 92, 37727, 'B', '2015-02-28 22:11:47', NULL, '2022-11-28 21:15:30', '2022-11-28 21:15:30'),
(584, 92, 177867, 'V', '2014-04-22 21:14:30', NULL, '2022-11-28 21:15:30', '2022-11-28 21:15:30'),
(585, 92, 146909, 'V', '2015-03-31 01:04:06', NULL, '2022-11-28 21:15:30', '2022-11-28 21:15:30'),
(586, 93, 51618, 'P', '2014-06-03 10:41:26', '2019-10-27 03:35:20', '2022-11-28 21:15:30', '2022-11-28 21:15:30'),
(587, 93, 75890, 'V', '2015-06-28 23:01:39', NULL, '2022-11-28 21:15:30', '2022-11-28 21:15:30'),
(588, 93, 133176, 'B', '2013-09-16 22:28:32', NULL, '2022-11-28 21:15:30', '2022-11-28 21:15:30'),
(589, 93, 98138, 'P', '2013-06-01 02:36:49', '2017-07-31 16:09:21', '2022-11-28 21:15:30', '2022-11-28 21:15:30'),
(590, 93, 16160, 'P', '2018-09-14 10:24:50', '2020-03-08 19:33:37', '2022-11-28 21:15:30', '2022-11-28 21:15:30'),
(591, 94, 84399, 'P', '2016-02-12 18:10:54', '2013-10-15 17:16:55', '2022-11-28 21:15:30', '2022-11-28 21:15:30'),
(592, 94, 97832, 'P', '2018-06-26 01:36:44', '2022-01-10 17:22:24', '2022-11-28 21:15:30', '2022-11-28 21:15:30'),
(593, 94, 112418, 'P', '2020-02-08 11:28:34', '2016-05-02 02:42:35', '2022-11-28 21:15:30', '2022-11-28 21:15:30'),
(594, 94, 132277, 'P', '2017-02-13 04:57:21', '2016-01-14 15:41:24', '2022-11-28 21:15:30', '2022-11-28 21:15:30'),
(595, 94, 100008, 'B', '2014-09-08 14:23:51', NULL, '2022-11-28 21:15:30', '2022-11-28 21:15:30'),
(596, 95, 78981, 'V', '2020-11-29 02:11:03', NULL, '2022-11-28 21:15:30', '2022-11-28 21:15:30'),
(597, 95, 98196, 'B', '2013-08-01 03:51:40', NULL, '2022-11-28 21:15:30', '2022-11-28 21:15:30'),
(598, 95, 189719, 'V', '2019-03-08 09:58:33', NULL, '2022-11-28 21:15:30', '2022-11-28 21:15:30'),
(599, 95, 69122, 'P', '2017-03-14 15:32:59', '2015-10-21 22:20:52', '2022-11-28 21:15:30', '2022-11-28 21:15:30'),
(600, 95, 95930, 'B', '2019-01-21 09:48:55', NULL, '2022-11-28 21:15:30', '2022-11-28 21:15:30'),
(601, 96, 8485, 'V', '2016-07-22 03:28:27', NULL, '2022-11-28 21:15:30', '2022-11-28 21:15:30'),
(602, 96, 90499, 'B', '2022-10-03 03:13:51', NULL, '2022-11-28 21:15:30', '2022-11-28 21:15:30'),
(603, 96, 41247, 'V', '2020-04-30 15:11:23', NULL, '2022-11-28 21:15:30', '2022-11-28 21:15:30'),
(604, 96, 160415, 'V', '2016-09-03 23:37:59', NULL, '2022-11-28 21:15:30', '2022-11-28 21:15:30'),
(605, 96, 178534, 'B', '2020-02-08 06:19:17', NULL, '2022-11-28 21:15:30', '2022-11-28 21:15:30'),
(606, 97, 37490, 'B', '2022-01-18 18:58:13', NULL, '2022-11-28 21:15:30', '2022-11-28 21:15:30'),
(607, 97, 90818, 'P', '2015-03-28 12:31:41', '2014-09-25 13:06:21', '2022-11-28 21:15:30', '2022-11-28 21:15:30'),
(608, 97, 97969, 'B', '2020-09-23 05:21:26', NULL, '2022-11-28 21:15:30', '2022-11-28 21:15:30'),
(609, 97, 68067, 'B', '2016-04-01 02:34:02', NULL, '2022-11-28 21:15:30', '2022-11-28 21:15:30'),
(610, 97, 147326, 'V', '2018-12-31 12:03:57', NULL, '2022-11-28 21:15:30', '2022-11-28 21:15:30'),
(611, 98, 185790, 'V', '2021-11-09 01:44:45', NULL, '2022-11-28 21:15:30', '2022-11-28 21:15:30'),
(612, 98, 127858, 'V', '2018-03-16 13:53:24', NULL, '2022-11-28 21:15:30', '2022-11-28 21:15:30'),
(613, 98, 132573, 'P', '2013-09-29 07:54:13', '2021-06-27 05:33:28', '2022-11-28 21:15:30', '2022-11-28 21:15:30'),
(614, 98, 129443, 'P', '2019-12-04 22:18:01', '2014-09-08 01:25:12', '2022-11-28 21:15:30', '2022-11-28 21:15:30'),
(615, 98, 130125, 'P', '2018-12-25 02:28:37', '2017-03-07 19:08:59', '2022-11-28 21:15:30', '2022-11-28 21:15:30'),
(616, 99, 22415, 'B', '2014-10-30 18:57:34', NULL, '2022-11-28 21:15:30', '2022-11-28 21:15:30'),
(617, 99, 138369, 'B', '2018-11-26 06:35:22', NULL, '2022-11-28 21:15:30', '2022-11-28 21:15:30'),
(618, 99, 163735, 'B', '2020-11-30 02:04:29', NULL, '2022-11-28 21:15:30', '2022-11-28 21:15:30'),
(619, 99, 113168, 'B', '2017-11-19 01:42:42', NULL, '2022-11-28 21:15:30', '2022-11-28 21:15:30'),
(620, 99, 59927, 'B', '2015-01-19 17:05:43', NULL, '2022-11-28 21:15:30', '2022-11-28 21:15:30'),
(621, 100, 36607, 'V', '2018-02-22 10:29:23', NULL, '2022-11-28 21:15:30', '2022-11-28 21:15:30'),
(622, 100, 88073, 'V', '2019-04-10 05:23:00', NULL, '2022-11-28 21:15:30', '2022-11-28 21:15:30'),
(623, 100, 199143, 'B', '2014-07-03 02:15:03', NULL, '2022-11-28 21:15:30', '2022-11-28 21:15:30'),
(624, 100, 172521, 'V', '2021-07-27 11:23:49', NULL, '2022-11-28 21:15:30', '2022-11-28 21:15:30'),
(625, 100, 68004, 'P', '2015-10-25 20:40:11', '2015-12-23 16:36:02', '2022-11-28 21:15:30', '2022-11-28 21:15:30'),
(626, 101, 187253, 'B', '2018-11-20 13:17:02', NULL, '2022-11-28 21:15:30', '2022-11-28 21:15:30'),
(627, 101, 130074, 'B', '2015-02-22 06:41:34', NULL, '2022-11-28 21:15:30', '2022-11-28 21:15:30'),
(628, 101, 114695, 'P', '2013-08-17 15:18:51', '2015-03-14 10:38:43', '2022-11-28 21:15:30', '2022-11-28 21:15:30'),
(629, 101, 147795, 'P', '2022-03-02 08:12:51', '2016-07-15 19:44:04', '2022-11-28 21:15:30', '2022-11-28 21:15:30'),
(630, 101, 11834, 'P', '2021-06-11 08:57:50', '2021-08-12 03:28:11', '2022-11-28 21:15:30', '2022-11-28 21:15:30'),
(631, 102, 185701, 'V', '2015-01-25 12:15:15', NULL, '2022-11-28 21:15:30', '2022-11-28 21:15:30'),
(632, 102, 15011, 'P', '2021-02-17 19:36:07', '2012-12-18 17:15:36', '2022-11-28 21:15:30', '2022-11-28 21:15:30'),
(633, 102, 87911, 'P', '2016-04-05 06:32:16', '2022-04-22 18:07:30', '2022-11-28 21:15:30', '2022-11-28 21:15:30'),
(634, 102, 26106, 'B', '2019-11-10 17:15:27', NULL, '2022-11-28 21:15:30', '2022-11-28 21:15:30'),
(635, 102, 87499, 'P', '2014-10-20 23:46:51', '2013-09-23 19:41:02', '2022-11-28 21:15:30', '2022-11-28 21:15:30'),
(636, 103, 98472, 'B', '2014-11-19 14:49:56', NULL, '2022-11-28 21:15:30', '2022-11-28 21:15:30'),
(637, 103, 61981, 'B', '2021-07-16 15:48:22', NULL, '2022-11-28 21:15:30', '2022-11-28 21:15:30'),
(638, 103, 56165, 'B', '2022-06-13 03:39:37', NULL, '2022-11-28 21:15:30', '2022-11-28 21:15:30'),
(639, 103, 132212, 'B', '2014-08-20 21:57:19', NULL, '2022-11-28 21:15:30', '2022-11-28 21:15:30'),
(640, 103, 79182, 'V', '2015-04-08 01:10:02', NULL, '2022-11-28 21:15:30', '2022-11-28 21:15:30'),
(641, 104, 136728, 'B', '2021-04-02 22:25:21', NULL, '2022-11-28 21:15:30', '2022-11-28 21:15:30'),
(642, 104, 98807, 'B', '2017-01-10 02:04:56', NULL, '2022-11-28 21:15:30', '2022-11-28 21:15:30'),
(643, 104, 16085, 'V', '2015-11-30 13:17:55', NULL, '2022-11-28 21:15:30', '2022-11-28 21:15:30'),
(644, 104, 58707, 'P', '2018-07-12 16:00:47', '2019-03-21 17:33:06', '2022-11-28 21:15:30', '2022-11-28 21:15:30'),
(645, 104, 162808, 'V', '2021-02-05 13:37:50', NULL, '2022-11-28 21:15:30', '2022-11-28 21:15:30'),
(646, 105, 63221, 'B', '2021-02-09 14:45:11', NULL, '2022-11-28 21:15:30', '2022-11-28 21:15:30'),
(647, 105, 180906, 'P', '2014-04-30 10:56:44', '2014-05-25 05:59:49', '2022-11-28 21:15:30', '2022-11-28 21:15:30'),
(648, 105, 110861, 'P', '2015-03-30 07:44:15', '2021-08-20 00:23:56', '2022-11-28 21:15:30', '2022-11-28 21:15:30'),
(649, 105, 51884, 'B', '2013-04-01 17:36:23', NULL, '2022-11-28 21:15:30', '2022-11-28 21:15:30'),
(650, 105, 104485, 'P', '2019-03-12 08:17:43', '2018-06-25 21:36:56', '2022-11-28 21:15:30', '2022-11-28 21:15:30'),
(651, 106, 174047, 'B', '2022-02-06 20:54:50', NULL, '2022-11-28 21:15:30', '2022-11-28 21:15:30'),
(652, 106, 172028, 'P', '2022-07-17 08:11:33', '2015-07-10 19:13:16', '2022-11-28 21:15:30', '2022-11-28 21:15:30'),
(653, 106, 156899, 'B', '2020-05-27 20:23:32', NULL, '2022-11-28 21:15:30', '2022-11-28 21:15:30'),
(654, 106, 13722, 'B', '2016-10-31 18:05:30', NULL, '2022-11-28 21:15:30', '2022-11-28 21:15:30'),
(655, 106, 50468, 'P', '2020-09-24 00:47:26', '2017-12-22 15:42:15', '2022-11-28 21:15:30', '2022-11-28 21:15:30'),
(656, 107, 144571, 'B', '2016-07-01 09:54:18', NULL, '2022-11-28 21:15:30', '2022-11-28 21:15:30'),
(657, 107, 125645, 'P', '2019-09-01 01:00:28', '2021-09-27 11:56:45', '2022-11-28 21:15:30', '2022-11-28 21:15:30'),
(658, 107, 85558, 'B', '2015-01-19 12:02:29', NULL, '2022-11-28 21:15:30', '2022-11-28 21:15:30'),
(659, 107, 67686, 'V', '2018-01-02 09:15:47', NULL, '2022-11-28 21:15:30', '2022-11-28 21:15:30'),
(660, 107, 92895, 'V', '2014-06-08 12:23:59', NULL, '2022-11-28 21:15:30', '2022-11-28 21:15:30'),
(661, 108, 31868, 'V', '2018-03-24 12:00:22', NULL, '2022-11-28 21:15:30', '2022-11-28 21:15:30'),
(662, 108, 176751, 'V', '2020-04-03 02:15:13', NULL, '2022-11-28 21:15:30', '2022-11-28 21:15:30'),
(663, 108, 9807, 'P', '2021-02-04 13:04:57', '2016-09-03 10:30:32', '2022-11-28 21:15:30', '2022-11-28 21:15:30'),
(664, 108, 136007, 'V', '2020-10-06 02:31:38', NULL, '2022-11-28 21:15:30', '2022-11-28 21:15:30'),
(665, 108, 174276, 'P', '2020-05-16 06:16:41', '2012-12-17 17:13:17', '2022-11-28 21:15:30', '2022-11-28 21:15:30'),
(666, 109, 151248, 'V', '2015-02-19 12:35:35', NULL, '2022-11-28 21:15:30', '2022-11-28 21:15:30'),
(667, 109, 78066, 'V', '2022-08-24 01:38:43', NULL, '2022-11-28 21:15:30', '2022-11-28 21:15:30'),
(668, 109, 39413, 'P', '2020-11-28 18:50:23', '2017-11-10 09:29:39', '2022-11-28 21:15:30', '2022-11-28 21:15:30'),
(669, 109, 101327, 'V', '2020-04-06 00:41:32', NULL, '2022-11-28 21:15:30', '2022-11-28 21:15:30'),
(670, 109, 37743, 'V', '2015-04-07 22:33:18', NULL, '2022-11-28 21:15:30', '2022-11-28 21:15:30'),
(671, 110, 105164, 'V', '2015-08-12 14:12:24', NULL, '2022-11-28 21:15:30', '2022-11-28 21:15:30'),
(672, 110, 103614, 'B', '2013-06-12 05:49:32', NULL, '2022-11-28 21:15:30', '2022-11-28 21:15:30'),
(673, 110, 107040, 'P', '2021-04-09 02:56:16', '2014-06-07 10:42:08', '2022-11-28 21:15:30', '2022-11-28 21:15:30'),
(674, 110, 93155, 'B', '2018-05-05 05:09:22', NULL, '2022-11-28 21:15:30', '2022-11-28 21:15:30'),
(675, 110, 194945, 'V', '2018-02-25 02:53:34', NULL, '2022-11-28 21:15:30', '2022-11-28 21:15:30'),
(676, 111, 24686, 'V', '2015-09-29 10:37:18', NULL, '2022-11-28 21:15:30', '2022-11-28 21:15:30'),
(677, 111, 159723, 'V', '2020-02-27 08:04:38', NULL, '2022-11-28 21:15:30', '2022-11-28 21:15:30'),
(678, 111, 120593, 'P', '2016-12-21 05:10:23', '2020-08-24 22:37:34', '2022-11-28 21:15:30', '2022-11-28 21:15:30'),
(679, 111, 104058, 'B', '2013-12-21 12:00:57', NULL, '2022-11-28 21:15:30', '2022-11-28 21:15:30'),
(680, 111, 187573, 'B', '2022-05-26 09:52:03', NULL, '2022-11-28 21:15:30', '2022-11-28 21:15:30'),
(681, 112, 15173, 'B', '2019-03-17 01:30:44', NULL, '2022-11-28 21:15:30', '2022-11-28 21:15:30'),
(682, 112, 22325, 'P', '2019-02-09 16:05:25', '2018-10-28 18:37:38', '2022-11-28 21:15:30', '2022-11-28 21:15:30'),
(683, 112, 25507, 'V', '2017-12-13 10:11:55', NULL, '2022-11-28 21:15:30', '2022-11-28 21:15:30'),
(684, 112, 114666, 'V', '2016-09-10 10:27:57', NULL, '2022-11-28 21:15:30', '2022-11-28 21:15:30'),
(685, 112, 80460, 'V', '2021-09-04 20:01:22', NULL, '2022-11-28 21:15:30', '2022-11-28 21:15:30'),
(686, 113, 155541, 'V', '2016-09-08 03:37:25', NULL, '2022-11-28 21:15:30', '2022-11-28 21:15:30'),
(687, 113, 176844, 'B', '2021-04-30 10:55:51', NULL, '2022-11-28 21:15:30', '2022-11-28 21:15:30'),
(688, 113, 172784, 'V', '2016-04-08 04:49:18', NULL, '2022-11-28 21:15:30', '2022-11-28 21:15:30'),
(689, 113, 64327, 'P', '2015-04-26 07:07:44', '2013-05-14 08:04:49', '2022-11-28 21:15:30', '2022-11-28 21:15:30'),
(690, 113, 21738, 'B', '2022-03-22 05:18:37', NULL, '2022-11-28 21:15:30', '2022-11-28 21:15:30'),
(691, 114, 151185, 'P', '2016-08-12 00:57:10', '2021-06-22 16:55:02', '2022-11-28 21:15:30', '2022-11-28 21:15:30'),
(692, 114, 129689, 'B', '2022-09-06 19:05:47', NULL, '2022-11-28 21:15:30', '2022-11-28 21:15:30'),
(693, 114, 193877, 'V', '2017-11-14 02:27:46', NULL, '2022-11-28 21:15:30', '2022-11-28 21:15:30'),
(694, 114, 35614, 'P', '2022-03-04 09:47:26', '2017-10-17 09:05:50', '2022-11-28 21:15:30', '2022-11-28 21:15:30'),
(695, 114, 88439, 'B', '2013-11-23 20:22:58', NULL, '2022-11-28 21:15:30', '2022-11-28 21:15:30'),
(696, 115, 83419, 'P', '2017-03-21 19:56:24', '2013-10-15 02:01:13', '2022-11-28 21:15:30', '2022-11-28 21:15:30'),
(697, 115, 116620, 'P', '2017-08-02 09:23:08', '2018-03-10 01:29:55', '2022-11-28 21:15:30', '2022-11-28 21:15:30'),
(698, 115, 148394, 'B', '2013-06-17 06:26:43', NULL, '2022-11-28 21:15:30', '2022-11-28 21:15:30'),
(699, 115, 168771, 'V', '2014-10-08 02:30:20', NULL, '2022-11-28 21:15:30', '2022-11-28 21:15:30'),
(700, 115, 42978, 'B', '2013-01-20 13:18:41', NULL, '2022-11-28 21:15:30', '2022-11-28 21:15:30'),
(701, 116, 52863, 'V', '2015-02-09 14:11:58', NULL, '2022-11-28 21:15:30', '2022-11-28 21:15:30'),
(702, 116, 173498, 'V', '2013-09-08 09:51:17', NULL, '2022-11-28 21:15:30', '2022-11-28 21:15:30'),
(703, 116, 22725, 'V', '2015-07-12 23:46:34', NULL, '2022-11-28 21:15:30', '2022-11-28 21:15:30'),
(704, 116, 77693, 'B', '2021-03-01 04:28:19', NULL, '2022-11-28 21:15:30', '2022-11-28 21:15:30'),
(705, 116, 128528, 'B', '2019-05-13 19:11:08', NULL, '2022-11-28 21:15:30', '2022-11-28 21:15:30'),
(706, 117, 46655, 'B', '2018-09-09 14:29:32', NULL, '2022-11-28 21:15:30', '2022-11-28 21:15:30'),
(707, 117, 136470, 'B', '2019-05-31 10:15:23', NULL, '2022-11-28 21:15:30', '2022-11-28 21:15:30'),
(708, 117, 65533, 'B', '2013-04-24 17:03:58', NULL, '2022-11-28 21:15:30', '2022-11-28 21:15:30'),
(709, 117, 114352, 'B', '2016-09-24 16:08:00', NULL, '2022-11-28 21:15:30', '2022-11-28 21:15:30'),
(710, 117, 2561, 'P', '2014-08-08 08:24:52', '2017-02-15 19:56:30', '2022-11-28 21:15:30', '2022-11-28 21:15:30'),
(711, 118, 183243, 'V', '2015-08-23 14:12:01', NULL, '2022-11-28 21:15:30', '2022-11-28 21:15:30'),
(712, 118, 42435, 'V', '2015-04-20 07:38:03', NULL, '2022-11-28 21:15:30', '2022-11-28 21:15:30'),
(713, 118, 13854, 'P', '2021-09-10 17:40:04', '2014-09-28 05:49:18', '2022-11-28 21:15:30', '2022-11-28 21:15:30'),
(714, 118, 142220, 'B', '2015-07-01 23:27:34', NULL, '2022-11-28 21:15:30', '2022-11-28 21:15:30'),
(715, 118, 29220, 'V', '2020-12-02 01:20:07', NULL, '2022-11-28 21:15:30', '2022-11-28 21:15:30'),
(716, 119, 110906, 'V', '2022-06-18 15:02:48', NULL, '2022-11-28 21:15:30', '2022-11-28 21:15:30'),
(717, 119, 164056, 'V', '2020-01-07 15:42:05', NULL, '2022-11-28 21:15:30', '2022-11-28 21:15:30'),
(718, 119, 53134, 'V', '2013-10-23 15:05:37', NULL, '2022-11-28 21:15:30', '2022-11-28 21:15:30'),
(719, 119, 75718, 'B', '2013-10-03 04:16:38', NULL, '2022-11-28 21:15:30', '2022-11-28 21:15:30'),
(720, 119, 3079, 'B', '2013-10-22 23:14:18', NULL, '2022-11-28 21:15:30', '2022-11-28 21:15:30'),
(721, 120, 68170, 'B', '2018-05-31 01:18:06', NULL, '2022-11-28 21:15:30', '2022-11-28 21:15:30'),
(722, 120, 181200, 'V', '2018-10-07 18:47:38', NULL, '2022-11-28 21:15:30', '2022-11-28 21:15:30'),
(723, 120, 175411, 'B', '2019-05-13 13:08:58', NULL, '2022-11-28 21:15:30', '2022-11-28 21:15:30'),
(724, 120, 130507, 'B', '2019-10-20 09:47:10', NULL, '2022-11-28 21:15:30', '2022-11-28 21:15:30'),
(725, 120, 92561, 'V', '2018-06-15 02:01:38', NULL, '2022-11-28 21:15:30', '2022-11-28 21:15:30'),
(726, 121, 92792, 'B', '2017-06-17 13:43:25', NULL, '2022-11-28 21:15:30', '2022-11-28 21:15:30'),
(727, 121, 86975, 'V', '2013-11-03 12:41:56', NULL, '2022-11-28 21:15:30', '2022-11-28 21:15:30'),
(728, 121, 105556, 'V', '2019-05-22 20:13:39', NULL, '2022-11-28 21:15:30', '2022-11-28 21:15:30'),
(729, 121, 169405, 'P', '2021-03-06 07:41:34', '2014-06-13 20:28:06', '2022-11-28 21:15:30', '2022-11-28 21:15:30'),
(730, 121, 155881, 'V', '2018-07-13 17:33:41', NULL, '2022-11-28 21:15:30', '2022-11-28 21:15:30'),
(731, 122, 26172, 'V', '2022-07-23 18:06:24', NULL, '2022-11-28 21:15:30', '2022-11-28 21:15:30'),
(732, 122, 152920, 'V', '2021-10-31 20:46:29', NULL, '2022-11-28 21:15:30', '2022-11-28 21:15:30'),
(733, 122, 9255, 'B', '2019-03-13 06:47:09', NULL, '2022-11-28 21:15:30', '2022-11-28 21:15:30'),
(734, 122, 18580, 'P', '2016-10-21 06:07:01', '2021-02-16 16:08:29', '2022-11-28 21:15:30', '2022-11-28 21:15:30'),
(735, 122, 154024, 'V', '2021-02-12 03:08:51', NULL, '2022-11-28 21:15:30', '2022-11-28 21:15:30'),
(736, 123, 191553, 'P', '2016-07-18 03:48:29', '2020-07-08 08:15:12', '2022-11-28 21:15:30', '2022-11-28 21:15:30'),
(737, 123, 22186, 'V', '2015-01-07 05:46:01', NULL, '2022-11-28 21:15:30', '2022-11-28 21:15:30'),
(738, 123, 102051, 'P', '2019-01-08 08:34:41', '2019-06-07 12:13:05', '2022-11-28 21:15:30', '2022-11-28 21:15:30'),
(739, 123, 184182, 'B', '2021-07-26 19:36:44', NULL, '2022-11-28 21:15:30', '2022-11-28 21:15:30'),
(740, 123, 75593, 'B', '2013-04-29 12:01:40', NULL, '2022-11-28 21:15:30', '2022-11-28 21:15:30'),
(741, 124, 13541, 'B', '2015-04-15 09:49:04', NULL, '2022-11-28 21:15:30', '2022-11-28 21:15:30'),
(742, 124, 161347, 'P', '2014-06-19 10:05:46', '2018-12-15 17:12:39', '2022-11-28 21:15:30', '2022-11-28 21:15:30'),
(743, 124, 22660, 'P', '2019-04-14 18:50:44', '2013-11-15 19:10:02', '2022-11-28 21:15:30', '2022-11-28 21:15:30'),
(744, 124, 78213, 'V', '2021-02-04 07:57:22', NULL, '2022-11-28 21:15:30', '2022-11-28 21:15:30'),
(745, 124, 167036, 'B', '2019-09-26 05:27:32', NULL, '2022-11-28 21:15:30', '2022-11-28 21:15:30'),
(746, 125, 101591, 'P', '2014-03-17 07:10:43', '2015-01-19 18:53:47', '2022-11-28 21:15:30', '2022-11-28 21:15:30'),
(747, 125, 193560, 'B', '2013-02-28 14:53:30', NULL, '2022-11-28 21:15:30', '2022-11-28 21:15:30'),
(748, 125, 148717, 'P', '2013-11-09 01:50:10', '2013-08-12 15:14:17', '2022-11-28 21:15:30', '2022-11-28 21:15:30'),
(749, 125, 1485, 'B', '2022-04-05 05:02:58', NULL, '2022-11-28 21:15:30', '2022-11-28 21:15:30'),
(750, 125, 157586, 'B', '2019-02-20 23:56:02', NULL, '2022-11-28 21:15:30', '2022-11-28 21:15:30');

-- --------------------------------------------------------

--
-- Table structure for table `migrations`
--

CREATE TABLE `migrations` (
  `id` int(10) UNSIGNED NOT NULL,
  `migration` varchar(255) COLLATE utf8mb4_unicode_ci NOT NULL,
  `batch` int(11) NOT NULL
) ENGINE=InnoDB DEFAULT CHARSET=utf8mb4 COLLATE=utf8mb4_unicode_ci;

--
-- Dumping data for table `migrations`
--

INSERT INTO `migrations` (`id`, `migration`, `batch`) VALUES
(1, '2014_10_12_000000_create_users_table', 1),
(2, '2014_10_12_100000_create_password_resets_table', 1),
(3, '2019_08_19_000000_create_failed_jobs_table', 1),
(4, '2019_12_14_000001_create_personal_access_tokens_table', 1),
(5, '2022_11_27_130155_create_invoices_table', 1),
(6, '2022_11_27_140217_create_tests_table', 1),
(7, '2022_11_27_140932_create_customers_table', 1);

-- --------------------------------------------------------

--
-- Table structure for table `password_resets`
--

CREATE TABLE `password_resets` (
  `email` varchar(255) COLLATE utf8mb4_unicode_ci NOT NULL,
  `token` varchar(255) COLLATE utf8mb4_unicode_ci NOT NULL,
  `created_at` timestamp NULL DEFAULT NULL
) ENGINE=InnoDB DEFAULT CHARSET=utf8mb4 COLLATE=utf8mb4_unicode_ci;

-- --------------------------------------------------------

--
-- Table structure for table `personal_access_tokens`
--

CREATE TABLE `personal_access_tokens` (
  `id` bigint(20) UNSIGNED NOT NULL,
  `tokenable_type` varchar(255) COLLATE utf8mb4_unicode_ci NOT NULL,
  `tokenable_id` bigint(20) UNSIGNED NOT NULL,
  `name` varchar(255) COLLATE utf8mb4_unicode_ci NOT NULL,
  `token` varchar(64) COLLATE utf8mb4_unicode_ci NOT NULL,
  `abilities` text COLLATE utf8mb4_unicode_ci DEFAULT NULL,
  `last_used_at` timestamp NULL DEFAULT NULL,
  `created_at` timestamp NULL DEFAULT NULL,
  `updated_at` timestamp NULL DEFAULT NULL
) ENGINE=InnoDB DEFAULT CHARSET=utf8mb4 COLLATE=utf8mb4_unicode_ci;

-- --------------------------------------------------------

--
-- Table structure for table `tests`
--

CREATE TABLE `tests` (
  `id` bigint(20) UNSIGNED NOT NULL,
  `created_at` timestamp NULL DEFAULT NULL,
  `updated_at` timestamp NULL DEFAULT NULL
) ENGINE=InnoDB DEFAULT CHARSET=utf8mb4 COLLATE=utf8mb4_unicode_ci;

-- --------------------------------------------------------

--
-- Table structure for table `users`
--

CREATE TABLE `users` (
  `id` bigint(20) UNSIGNED NOT NULL,
  `name` varchar(255) COLLATE utf8mb4_unicode_ci NOT NULL,
  `email` varchar(255) COLLATE utf8mb4_unicode_ci NOT NULL,
  `email_verified_at` timestamp NULL DEFAULT NULL,
  `password` varchar(255) COLLATE utf8mb4_unicode_ci NOT NULL,
  `remember_token` varchar(100) COLLATE utf8mb4_unicode_ci DEFAULT NULL,
  `created_at` timestamp NULL DEFAULT NULL,
  `updated_at` timestamp NULL DEFAULT NULL
) ENGINE=InnoDB DEFAULT CHARSET=utf8mb4 COLLATE=utf8mb4_unicode_ci;

--
-- Indexes for dumped tables
--

--
-- Indexes for table `customers`
--
ALTER TABLE `customers`
  ADD PRIMARY KEY (`id`);

--
-- Indexes for table `failed_jobs`
--
ALTER TABLE `failed_jobs`
  ADD PRIMARY KEY (`id`),
  ADD UNIQUE KEY `failed_jobs_uuid_unique` (`uuid`);

--
-- Indexes for table `invoices`
--
ALTER TABLE `invoices`
  ADD PRIMARY KEY (`id`);

--
-- Indexes for table `migrations`
--
ALTER TABLE `migrations`
  ADD PRIMARY KEY (`id`);

--
-- Indexes for table `password_resets`
--
ALTER TABLE `password_resets`
  ADD KEY `password_resets_email_index` (`email`);

--
-- Indexes for table `personal_access_tokens`
--
ALTER TABLE `personal_access_tokens`
  ADD PRIMARY KEY (`id`),
  ADD UNIQUE KEY `personal_access_tokens_token_unique` (`token`),
  ADD KEY `personal_access_tokens_tokenable_type_tokenable_id_index` (`tokenable_type`,`tokenable_id`);

--
-- Indexes for table `tests`
--
ALTER TABLE `tests`
  ADD PRIMARY KEY (`id`);

--
-- Indexes for table `users`
--
ALTER TABLE `users`
  ADD PRIMARY KEY (`id`),
  ADD UNIQUE KEY `users_email_unique` (`email`);

--
-- AUTO_INCREMENT for dumped tables
--

--
-- AUTO_INCREMENT for table `customers`
--
ALTER TABLE `customers`
  MODIFY `id` bigint(20) UNSIGNED NOT NULL AUTO_INCREMENT, AUTO_INCREMENT=131;

--
-- AUTO_INCREMENT for table `failed_jobs`
--
ALTER TABLE `failed_jobs`
  MODIFY `id` bigint(20) UNSIGNED NOT NULL AUTO_INCREMENT;

--
-- AUTO_INCREMENT for table `invoices`
--
ALTER TABLE `invoices`
  MODIFY `id` bigint(20) UNSIGNED NOT NULL AUTO_INCREMENT, AUTO_INCREMENT=751;

--
-- AUTO_INCREMENT for table `migrations`
--
ALTER TABLE `migrations`
  MODIFY `id` int(10) UNSIGNED NOT NULL AUTO_INCREMENT, AUTO_INCREMENT=8;

--
-- AUTO_INCREMENT for table `personal_access_tokens`
--
ALTER TABLE `personal_access_tokens`
  MODIFY `id` bigint(20) UNSIGNED NOT NULL AUTO_INCREMENT;

--
-- AUTO_INCREMENT for table `tests`
--
ALTER TABLE `tests`
  MODIFY `id` bigint(20) UNSIGNED NOT NULL AUTO_INCREMENT;

--
-- AUTO_INCREMENT for table `users`
--
ALTER TABLE `users`
  MODIFY `id` bigint(20) UNSIGNED NOT NULL AUTO_INCREMENT;
COMMIT;

/*!40101 SET CHARACTER_SET_CLIENT=@OLD_CHARACTER_SET_CLIENT */;
/*!40101 SET CHARACTER_SET_RESULTS=@OLD_CHARACTER_SET_RESULTS */;
/*!40101 SET COLLATION_CONNECTION=@OLD_COLLATION_CONNECTION */;
